id	name	pop	fem	fem_2034	fem_singl_2034	p_fem_singl_2034
1	Aeugst am Albis	1981	994	129	92	71.31782946
2	Affoltern am Albis	11708	5890	1210	717	59.25619835
3	Bonstetten	5326	2712	451	312	69.17960089
4	Hausen am Albis	3477	1790	258	181	70.15503876
5	Hedingen	3660	1816	294	205	69.72789116
6	Kappel am Albis	1033	521	62	45	72.58064516
7	Knonau	2097	1034	151	106	70.1986755
8	Maschwanden	641	308	54	29	53.7037037
9	Mettmenstetten	4669	2313	382	265	69.37172775
10	Obfelden	5009	2508	421	254	60.33254157
11	Ottenbach	2569	1301	204	150	73.52941176
12	Rifferswil	1057	559	65	44	67.69230769
13	Stallikon	3455	1709	236	155	65.6779661
14	Wettswil am Albis	4920	2504	333	213	63.96396396
21	Adlikon	662	340	62	35	56.4516129
22	Benken (ZH)	860	423	67	45	67.1641791
23	Berg am Irchel	573	282	36	30	83.33333333
24	Buch am Irchel	966	494	83	53	63.85542169
25	Dachsen	1988	984	145	100	68.96551724
26	Dorf	624	312	57	40	70.1754386
27	Feuerthalen	3567	1788	335	202	60.29850746
28	Flaach	1359	669	115	82	71.30434783
29	Flurlingen	1438	709	103	83	80.58252427
30	Andelfingen	2170	1105	203	128	63.05418719
31	Henggart	2249	1176	178	125	70.2247191
32	Humlikon	504	254	38	32	84.21052632
33	Kleinandelfingen	2082	1046	156	103	66.02564103
34	Laufen-Uhwiesen	1634	817	93	70	75.2688172
35	Marthalen	1956	984	187	133	71.12299465
36	Oberstammheim	1174	588	80	49	61.25
37	Ossingen	1426	700	113	75	66.37168142
38	Rheinau	1321	667	94	69	73.40425532
39	Thalheim an der Thur	904	437	66	49	74.24242424
40	Trüllikon	1015	482	75	50	66.66666667
41	Truttikon	473	246	27	17	62.96296296
42	Unterstammheim	926	462	63	45	71.42857143
43	Volken	339	164	26	14	53.84615385
44	Waltalingen	678	342	51	33	64.70588235
51	Bachenbülach	4034	2024	325	202	62.15384615
52	Bassersdorf	11580	5765	1085	661	60.92165899
53	Bülach	19393	9819	2190	1336	61.00456621
54	Dietlikon	7625	3871	748	471	62.96791444
55	Eglisau	5025	2481	433	240	55.42725173
56	Embrach	9139	4504	840	477	56.78571429
57	Freienstein-Teufen	2305	1131	169	115	68.04733728
58	Glattfelden	4955	2467	469	300	63.96588486
59	Hochfelden	1994	1011	149	98	65.77181208
60	Höri	2645	1274	233	119	51.07296137
61	Hüntwangen	1014	489	56	28	50
62	Kloten	18452	9086	1914	1143	59.71786834
63	Lufingen	2072	998	168	90	53.57142857
64	Nürensdorf	5468	2726	429	268	62.47086247
65	Oberembrach	1079	534	87	58	66.66666667
66	Opfikon	18617	8918	2619	1484	56.66284842
67	Rafz	4344	2162	380	228	60
68	Rorbas	2743	1364	286	165	57.69230769
69	Wallisellen	15662	7808	1750	1094	62.51428571
70	Wasterkingen	573	289	35	25	71.42857143
71	Wil (ZH)	1381	678	94	59	62.76595745
72	Winkel	4246	2108	319	208	65.20376176
81	Bachs	585	285	41	26	63.41463415
82	Boppelsen	1323	655	83	52	62.65060241
83	Buchs (ZH)	6294	3097	667	395	59.22038981
84	Dällikon	3952	1914	393	206	52.4173028
85	Dänikon	1890	931	173	86	49.71098266
86	Dielsdorf	5921	2980	618	351	56.7961165
87	Hüttikon	881	443	69	27	39.13043478
88	Neerach	3047	1487	209	135	64.59330144
89	Niederglatt	4768	2385	425	251	59.05882353
90	Niederhasli	9100	4560	909	547	60.1760176
91	Niederweningen	2853	1414	221	145	65.61085973
92	Oberglatt	6818	3361	875	480	54.85714286
93	Oberweningen	1800	884	141	90	63.82978723
94	Otelfingen	2784	1389	218	130	59.63302752
95	Regensberg	468	228	22	13	59.09090909
96	Regensdorf	18036	8919	1953	1090	55.81157194
97	Rümlang	7774	3843	899	520	57.84204672
98	Schleinikon	722	349	63	45	71.42857143
99	Schöfflisdorf	1396	715	94	65	69.14893617
100	Stadel	2205	1107	176	116	65.90909091
101	Steinmaur	3395	1660	343	214	62.39067055
102	Weiach	1379	683	140	75	53.57142857
111	Bäretswil	4974	2483	406	264	65.02463054
112	Bubikon	7019	3562	534	365	68.35205993
113	Dürnten	7421	3614	604	377	62.41721854
114	Fischenthal	2420	1188	212	131	61.79245283
115	Gossau (ZH)	9758	4906	807	505	62.57744734
116	Grüningen	3371	1682	309	201	65.04854369
117	Hinwil	10848	5480	1008	644	63.88888889
118	Rüti (ZH)	12047	6029	1219	773	63.41263331
119	Seegräben	1432	706	130	84	64.61538462
120	Wald (ZH)	9447	4731	866	518	59.81524249
121	Wetzikon (ZH)	24407	12290	2795	1786	63.89982111
131	Adliswil	18605	9378	1861	1043	56.04513702
132	Hirzel	2148	1078	132	97	73.48484848
133	Horgen	20207	10301	1785	1071	60
134	Hütten	898	446	74	50	67.56756757
135	Kilchberg (ZH)	8098	4178	616	415	67.37012987
136	Langnau am Albis	7452	3802	605	380	62.80991736
137	Oberrieden	5037	2593	361	249	68.97506925
138	Richterswil	13198	6716	1072	718	66.97761194
139	Rüschlikon	5674	2920	416	286	68.75
140	Schönenberg (ZH)	1864	928	135	95	70.37037037
141	Thalwil	17747	9082	1530	1025	66.99346405
142	Wädenswil	21621	11043	1917	1298	67.70996348
151	Erlenbach (ZH)	5470	2807	359	262	72.98050139
152	Herrliberg	6295	3258	434	308	70.96774194
153	Hombrechtikon	8485	4317	673	421	62.55572065
154	Küsnacht (ZH)	13830	7214	957	673	70.32392894
155	Männedorf	10593	5511	700	496	70.85714286
156	Meilen	13531	7090	938	638	68.01705757
157	Oetwil am See	4669	2333	430	235	54.65116279
158	Stäfa	14178	7296	1011	714	70.6231454
159	Uetikon am See	5988	3080	439	312	71.07061503
160	Zumikon	5172	2732	301	220	73.089701
161	Zollikon	12753	6657	879	619	70.42093288
172	Fehraltorf	6307	3190	602	372	61.79401993
173	Hittnau	3614	1800	301	201	66.77740864
174	Illnau-Effretikon	16327	8265	1681	981	58.35812017
175	Kyburg	407	198	16	13	81.25
176	Lindau	5388	2648	454	272	59.91189427
177	Pfäffikon	11454	5823	990	644	65.05050505
178	Russikon	4292	2127	307	204	66.4495114
180	Weisslingen	3261	1623	192	127	66.14583333
181	Wila	1931	952	157	103	65.60509554
182	Wildberg	1006	506	63	45	71.42857143
191	Dübendorf	26844	13586	2845	1753	61.6168717
192	Egg	8388	4349	662	449	67.82477341
193	Fällanden	8356	4265	680	436	64.11764706
194	Greifensee	5374	2711	490	297	60.6122449
195	Maur	9890	5027	680	492	72.35294118
196	Mönchaltorf	3677	1873	266	157	59.02255639
197	Schwerzenbach	5001	2507	504	319	63.29365079
198	Uster	33886	17156	3330	2190	65.76576577
199	Volketswil	18536	9250	1736	943	54.3202765
200	Wangen-Brüttisellen	7727	3789	782	473	60.4859335
211	Altikon	655	329	37	23	62.16216216
213	Brütten	2016	990	147	92	62.58503401
214	Dägerlen	1014	487	78	49	62.82051282
215	Dättlikon	745	365	54	39	72.22222222
216	Dinhard	1494	744	97	55	56.70103093
217	Elgg	4218	2081	360	201	55.83333333
218	Ellikon an der Thur	885	440	69	44	63.76811594
219	Elsau	3480	1748	272	161	59.19117647
220	Hagenbuch	1104	531	101	64	63.36633663
221	Hettlingen	3114	1578	179	133	74.30167598
222	Hofstetten (ZH)	481	237	42	27	64.28571429
223	Neftenbach	5513	2733	456	305	66.88596491
224	Pfungen	3757	1860	397	217	54.65994962
225	Rickenbach (ZH)	2598	1318	202	131	64.85148515
226	Schlatt (ZH)	738	357	42	20	47.61904762
227	Seuzach	7211	3657	604	397	65.72847682
228	Turbenthal	4472	2201	399	224	56.14035088
230	Winterthur	108268	55123	13015	8667	66.59239339
231	Zell (ZH)	5700	2842	509	292	57.36738703
241	Aesch (ZH)	1197	591	80	52	65
242	Birmensdorf (ZH)	6254	3176	546	371	67.94871795
243	Dietikon	26711	13190	3354	1751	52.20632081
244	Geroldswil	4868	2408	409	206	50.36674817
245	Oberengstringen	6575	3281	624	364	58.33333333
246	Oetwil an der Limmat	2369	1170	164	107	65.24390244
247	Schlieren	18453	8936	2319	1284	55.3686934
248	Uitikon	4112	2044	224	150	66.96428571
249	Unterengstringen	3648	1824	305	190	62.29508197
250	Urdorf	9688	4922	931	574	61.65413534
251	Weiningen (ZH)	4513	2169	418	233	55.74162679
261	Zürich	396955	199714	50453	36919	73.17503419
297	Bauma	4842	2408	425	278	65.41176471
298	Wiesendangen	6226	3151	456	312	68.42105263
301	Aarberg	4529	2281	451	315	69.84478936
302	Bargen (BE)	995	501	84	56	66.66666667
303	Grossaffoltern	2999	1513	221	146	66.06334842
304	Kallnach	1905	961	156	101	64.74358974
305	Kappelen	1350	658	101	72	71.28712871
306	Lyss	14341	7227	1526	1004	65.79292267
307	Meikirch	2386	1236	184	122	66.30434783
309	Radelfingen	1256	637	113	82	72.56637168
310	Rapperswil (BE)	2425	1232	205	138	67.31707317
311	Schüpfen	3719	1881	326	243	74.5398773
312	Seedorf (BE)	3002	1516	239	167	69.87447699
321	Aarwangen	4408	2212	364	227	62.36263736
322	Auswil	471	226	52	33	63.46153846
323	Bannwil	699	336	53	35	66.03773585
324	Bleienbach	677	331	35	19	54.28571429
325	Busswil bei Melchnau	170	77	10	8	80
326	Gondiswil	737	383	43	28	65.11627907
329	Langenthal	15447	7901	1623	1083	66.72828096
331	Lotzwil	2514	1244	207	123	59.42028986
332	Madiswil	3218	1637	268	175	65.29850746
333	Melchnau	1557	763	125	68	54.4
334	Obersteckholz	410	205	27	18	66.66666667
335	Oeschenbach	241	116	21	11	52.38095238
336	Reisiswil	188	97	13	8	61.53846154
337	Roggwil (BE)	3928	1985	292	172	58.90410959
338	Rohrbach	1413	720	130	85	65.38461538
339	Rohrbachgraben	394	193	27	16	59.25925926
340	Rütschelen	571	291	37	21	56.75675676
341	Schwarzhäusern	501	250	34	25	73.52941176
342	Thunstetten	3258	1616	279	163	58.42293907
344	Ursenbach	911	463	69	44	63.76811594
345	Wynau	1620	789	142	71	50
351	Bern	131554	68414	17599	13560	77.04983238
352	Bolligen	6138	3203	374	272	72.72727273
353	Bremgarten bei Bern	4385	2273	299	203	67.89297659
354	Kirchlindach	2900	1511	209	160	76.55502392
355	Köniz	40214	20921	3853	2620	67.99896185
356	Muri bei Bern	12984	6781	887	613	69.10935738
357	Oberbalm	883	443	64	42	65.625
358	Stettlen	3149	1594	283	199	70.3180212
359	Vechigen	5252	2671	382	264	69.10994764
360	Wohlen bei Bern	8987	4630	525	357	68
361	Zollikofen	10217	5264	970	607	62.57731959
362	Ittigen	11390	5812	1066	684	64.16510319
363	Ostermundigen	16788	8636	1690	1067	63.13609467
371	Biel/Bienne	54163	27724	5981	3872	64.73833807
372	Evilard	2552	1299	124	82	66.12903226
381	Arch	1540	781	119	76	63.86554622
382	Büetigen	833	386	59	36	61.01694915
383	Büren an der Aare	3537	1743	283	180	63.60424028
385	Diessbach bei Büren	996	489	97	59	60.82474227
386	Dotzigen	1455	726	105	65	61.9047619
387	Lengnau (BE)	4956	2518	429	250	58.27505828
388	Leuzigen	1251	643	89	59	66.29213483
389	Meienried	52	23	4	3	75
390	Meinisberg	1328	661	90	62	68.88888889
391	Oberwil bei Büren	830	420	58	26	44.82758621
392	Pieterlen	4034	2013	389	215	55.26992288
393	Rüti bei Büren	840	430	69	48	69.56521739
394	Wengi	609	288	37	23	62.16216216
401	Aefligen	1067	532	100	66	66
402	Alchenstorf	602	302	45	33	73.33333333
403	Bäriswil	1023	524	69	45	65.2173913
404	Burgdorf	16228	8352	1796	1227	68.31848552
405	Ersigen	1687	853	136	101	74.26470588
406	Hasle bei Burgdorf	3353	1673	327	197	60.24464832
407	Heimiswil	1607	793	98	63	64.28571429
408	Hellsau	201	103	18	10	55.55555556
409	Hindelbank	2414	1195	238	158	66.38655462
410	Höchstetten	270	136	22	11	50
411	Kernenried	527	268	44	25	56.81818182
412	Kirchberg (BE)	5817	2951	501	344	68.66267465
413	Koppigen	2126	1097	162	121	74.69135802
414	Krauchthal	2335	1133	195	129	66.15384615
415	Lyssach	1422	701	138	101	73.1884058
416	Mötschwil	137	65	12	8	66.66666667
417	Niederösch	235	123	14	7	50
418	Oberburg	2909	1464	264	160	60.60606061
419	Oberösch	104	48	7	5	71.42857143
420	Rüdtligen-Alchenflüh	2435	1213	279	160	57.34767025
421	Rumendingen	84	38	9	7	77.77777778
422	Rüti bei Lyssach	171	83	18	13	72.22222222
423	Willadingen	203	99	8	6	75
424	Wynigen	2011	1014	149	91	61.0738255
431	Corgémont	1677	844	133	76	57.14285714
432	Cormoret	482	244	36	21	58.33333333
433	Cortébert	710	345	54	28	51.85185185
434	Courtelary	1360	678	112	74	66.07142857
435	La Ferrière	544	264	48	35	72.91666667
437	Mont-Tramelan	116	65	15	7	46.66666667
438	Orvin	1195	592	79	48	60.75949367
441	Renan (BE)	896	435	82	57	69.51219512
442	Romont (BE)	195	97	16	13	81.25
443	Saint-Imier	5101	2606	476	291	61.13445378
444	Sonceboz-Sombeval	1932	940	195	116	59.48717949
445	Sonvilier	1257	616	124	82	66.12903226
446	Tramelan	4417	2189	384	216	56.25
448	Villeret	927	471	65	40	61.53846154
449	Sauge	810	400	57	42	73.68421053
450	Péry-La Heutte	1919	959	158	98	62.02531646
491	Brüttelen	568	264	40	23	57.5
492	Erlach	1410	724	133	96	72.18045113
493	Finsterhennen	533	249	39	19	48.71794872
494	Gals	780	400	61	41	67.21311475
495	Gampelen	864	408	77	43	55.84415584
496	Ins	3444	1759	261	161	61.68582375
497	Lüscherz	528	258	38	27	71.05263158
498	Müntschemier	1333	662	126	73	57.93650794
499	Siselen	579	284	39	25	64.1025641
500	Treiten	433	215	29	16	55.17241379
501	Tschugg	447	223	31	17	54.83870968
502	Vinelz	860	436	51	32	62.74509804
532	Bangerten	161	88	14	12	85.71428571
533	Bätterkinden	3186	1645	275	194	70.54545455
535	Deisswil bei Münchenbuchsee	85	44	7	5	71.42857143
536	Diemerswil	204	101	9	4	44.44444444
538	Fraubrunnen	4889	2481	381	259	67.97900262
540	Jegenstorf	5609	2863	429	278	64.8018648
541	Iffwil	423	207	33	20	60.60606061
543	Mattstetten	561	274	33	23	69.6969697
544	Moosseedorf	4012	2013	440	283	64.31818182
546	Münchenbuchsee	9947	5072	927	614	66.23516721
551	Urtenen-Schönbühl	6211	3196	717	421	58.71687587
552	Utzenstorf	4213	2106	339	223	65.78171091
553	Wiggiswil	98	51	7	2	28.57142857
554	Wiler bei Utzenstorf	881	431	80	57	71.25
556	Zielebach	325	169	22	13	59.09090909
557	Zuzwil (BE)	570	293	31	18	58.06451613
561	Adelboden	3437	1734	296	203	68.58108108
562	Aeschi bei Spiez	2217	1105	194	127	65.46391753
563	Frutigen	6857	3501	648	431	66.51234568
564	Kandergrund	784	376	64	37	57.8125
565	Kandersteg	1314	674	115	75	65.2173913
566	Krattigen	1101	560	74	44	59.45945946
567	Reichenbach im Kandertal	3549	1803	307	197	64.16938111
571	Beatenberg	1194	605	74	51	68.91891892
572	Bönigen	2522	1263	197	142	72.08121827
573	Brienz (BE)	3101	1584	273	197	72.16117216
574	Brienzwiler	477	237	25	17	68
575	Därligen	407	211	27	14	51.85185185
576	Grindelwald	3740	1851	342	251	73.39181287
577	Gsteigwiler	399	195	34	27	79.41176471
578	Gündlischwand	341	173	28	19	67.85714286
579	Habkern	644	318	43	31	72.09302326
580	Hofstetten bei Brienz	542	257	34	26	76.47058824
581	Interlaken	5692	2929	636	421	66.19496855
582	Iseltwald	428	219	29	17	58.62068966
584	Lauterbrunnen	2451	1242	207	158	76.32850242
585	Leissigen	1020	510	66	44	66.66666667
586	Lütschental	219	107	20	10	50
587	Matten bei Interlaken	3916	2033	404	301	74.5049505
588	Niederried bei Interlaken	347	176	23	16	69.56521739
589	Oberried am Brienzersee	447	225	35	25	71.42857143
590	Ringgenberg (BE)	2658	1346	217	153	70.50691244
591	Saxeten	97	41	3	2	66.66666667
592	Schwanden bei Brienz	589	295	37	26	70.27027027
593	Unterseen	5690	2948	475	339	71.36842105
594	Wilderswil	2614	1333	237	174	73.41772152
602	Arni (BE)	922	443	88	63	71.59090909
603	Biglen	1745	865	134	89	66.41791045
605	Bowil	1370	675	117	69	58.97435897
606	Brenzikofen	519	250	42	32	76.19047619
607	Freimettigen	469	237	32	21	65.625
608	Grosshöchstetten	3516	1761	302	207	68.54304636
609	Häutligen	249	130	18	10	55.55555556
610	Herbligen	600	304	61	43	70.49180328
611	Kiesen	924	478	83	51	61.44578313
612	Konolfingen	5225	2672	502	338	67.33067729
613	Landiswil	625	317	45	26	57.77777778
614	Linden	1277	641	80	52	65
615	Mirchel	626	304	55	30	54.54545455
616	Münsingen	11813	6167	894	601	67.22595078
617	Niederhünigen	606	314	54	45	83.33333333
619	Oberdiessbach	3522	1755	310	220	70.96774194
620	Oberthal	739	355	58	41	70.68965517
622	Oppligen	658	342	47	32	68.08510638
623	Rubigen	2920	1487	245	169	68.97959184
624	Schlosswil	630	319	47	35	74.46808511
625	Tägertschi	386	192	34	24	70.58823529
626	Walkringen	1772	879	137	91	66.42335766
627	Worb	11449	5897	942	617	65.49893843
628	Zäziwil	1642	805	138	88	63.76811594
629	Oberhünigen	317	166	28	18	64.28571429
630	Allmendingen	545	277	29	21	72.4137931
632	Wichtrach	4115	2062	347	234	67.4351585
661	Clavaleyres	49	23	2	1	50
662	Ferenbalm	1234	628	91	63	69.23076923
663	Frauenkappelen	1207	610	90	67	74.44444444
664	Golaten	314	155	32	20	62.5
665	Gurbrü	246	115	16	9	56.25
666	Kriechenwil	422	213	22	13	59.09090909
667	Laupen	3079	1546	265	176	66.41509434
668	Mühleberg	2854	1429	243	166	68.3127572
669	Münchenwiler	480	236	40	19	47.5
670	Neuenegg	5194	2587	437	288	65.90389016
671	Wileroltigen	384	197	30	19	63.33333333
681	Belprahon	308	150	24	20	83.33333333
683	Champoz	161	89	12	6	50
687	Corcelles (BE)	211	108	17	13	76.47058824
690	Court	1418	707	121	69	57.02479339
691	Crémines	529	258	42	22	52.38095238
692	Eschert	375	178	37	21	56.75675676
694	Grandval	388	183	31	15	48.38709677
696	Loveresse	322	164	31	14	45.16129032
700	Moutier	7615	3874	694	447	64.4092219
701	Perrefitte	434	222	25	18	72
703	Reconvilier	2334	1197	206	121	58.73786408
704	Roches (BE)	214	105	23	15	65.2173913
706	Saicourt	607	304	59	36	61.01694915
707	Saules (BE)	159	81	12	6	50
708	Schelten	38	19	4	4	100
709	Seehof	68	30	3	2	66.66666667
711	Sorvilier	280	135	21	14	66.66666667
713	Tavannes	3612	1796	341	209	61.29032258
715	Rebévelier	43	17	1	0	0
716	Petit-Val	411	194	28	15	53.57142857
717	Valbirse	4009	2028	347	224	64.55331412
723	La Neuveville	3693	1907	327	240	73.39449541
724	Nods	746	358	49	34	69.3877551
726	Plateau de Diesse	2030	1010	144	96	66.66666667
731	Aegerten	1874	936	147	93	63.26530612
732	Bellmund	1623	804	109	83	76.14678899
733	Brügg	4298	2227	397	233	58.69017632
734	Bühl	423	215	35	26	74.28571429
735	Epsach	328	162	29	22	75.86206897
736	Hagneck	410	203	25	15	60
737	Hermrigen	303	152	24	18	75
738	Jens	674	330	39	28	71.79487179
739	Ipsach	3972	1993	286	204	71.32867133
740	Ligerz	547	283	40	31	77.5
741	Merzligen	401	198	25	18	72
742	Mörigen	843	446	53	36	67.9245283
743	Nidau	6955	3691	726	469	64.60055096
744	Orpund	2675	1359	222	147	66.21621622
745	Port	3486	1802	281	192	68.32740214
746	Safnern	1951	1000	135	92	68.14814815
747	Scheuren	449	232	28	20	71.42857143
748	Schwadernau	657	328	36	23	63.88888889
749	Studen (BE)	3107	1589	312	200	64.1025641
750	Sutz-Lattrigen	1400	741	88	59	67.04545455
751	Täuffelen	2753	1412	174	115	66.09195402
754	Walperswil	999	492	65	50	76.92307692
755	Worben	2274	1162	167	102	61.07784431
756	Twann-Tüscherz	1160	581	81	56	69.13580247
761	Därstetten	845	432	79	50	63.29113924
762	Diemtigen	2162	1075	159	101	63.52201258
763	Erlenbach im Simmental	1704	881	159	114	71.69811321
766	Oberwil im Simmental	820	413	69	43	62.31884058
767	Reutigen	990	491	83	53	63.85542169
768	Spiez	12477	6391	966	676	69.97929607
769	Wimmis	2418	1191	191	125	65.44502618
770	Stocken-Höfen	986	493	80	43	53.75
782	Guttannen	291	135	18	14	77.77777778
783	Hasliberg	1180	589	89	61	68.53932584
784	Innertkirchen	1047	516	73	49	67.12328767
785	Meiringen	4737	2409	412	269	65.29126214
786	Schattenhalb	578	297	41	29	70.73170732
791	Boltigen	1288	638	106	73	68.86792453
792	Lenk	2388	1196	232	161	69.39655172
793	St. Stephan	1340	643	113	72	63.71681416
794	Zweisimmen	2987	1500	247	168	68.01619433
841	Gsteig	976	483	102	67	65.68627451
842	Lauenen	836	432	69	45	65.2173913
843	Saanen	6871	3393	647	465	71.87017002
852	Guggisberg	1550	782	103	66	64.0776699
853	Rüschegg	1607	816	126	88	69.84126984
855	Schwarzenburg	6857	3467	568	416	73.23943662
861	Belp	11548	5909	1011	655	64.78733927
863	Burgistein	1063	538	71	52	73.23943662
865	Gelterfingen	269	128	15	8	53.33333333
866	Gerzensee	1163	592	107	66	61.68224299
867	Gurzelen	855	430	74	44	59.45945946
868	Jaberg	252	134	23	21	91.30434783
869	Kaufdorf	1061	531	83	58	69.87951807
870	Kehrsatz	4226	2145	370	215	58.10810811
872	Kirchdorf (BE)	956	472	83	59	71.08433735
873	Kirchenthurnen	279	147	27	16	59.25925926
874	Lohnstorf	235	129	12	9	75
875	Mühledorf (BE)	245	129	18	11	61.11111111
876	Mühlethurnen	1395	720	112	74	66.07142857
877	Niedermuhlern	463	229	39	28	71.79487179
878	Noflen	304	142	33	23	69.6969697
879	Riggisberg	2452	1215	191	129	67.53926702
880	Rüeggisberg	1819	914	120	81	67.5
881	Rümligen	436	218	44	29	65.90909091
883	Seftigen	2211	1134	182	116	63.73626374
884	Toffen	2527	1272	208	133	63.94230769
885	Uttigen	1940	975	157	113	71.97452229
886	Wattenwil	2865	1493	233	149	63.94849785
888	Wald (BE)	1181	601	82	54	65.85365854
901	Eggiwil	2442	1211	196	116	59.18367347
902	Langnau im Emmental	9154	4720	889	639	71.87851519
903	Lauperswil	2663	1318	216	137	63.42592593
904	Röthenbach im Emmental	1206	584	90	63	70
905	Rüderswil	2335	1145	215	138	64.18604651
906	Schangnau	905	442	79	43	54.43037975
907	Signau	2697	1342	221	157	71.04072398
908	Trub	1347	646	100	71	71
909	Trubschachen	1425	722	106	71	66.98113208
921	Amsoldingen	809	415	62	45	72.58064516
922	Blumenstein	1222	600	94	61	64.89361702
923	Buchholterberg	1546	780	130	90	69.23076923
924	Eriz	487	234	37	22	59.45945946
925	Fahrni	792	390	70	44	62.85714286
927	Heiligenschwendi	709	359	40	26	65
928	Heimberg	6667	3371	639	412	64.47574335
929	Hilterfingen	4056	2175	256	208	81.25
931	Homberg	500	258	39	23	58.97435897
932	Horrenbach-Buchen	242	108	15	7	46.66666667
934	Oberhofen am Thunersee	2420	1246	148	112	75.67567568
935	Oberlangenegg	474	249	39	29	74.35897436
936	Pohlern	252	121	20	14	70
937	Schwendibach	240	113	20	10	50
938	Sigriswil	4727	2450	305	218	71.47540984
939	Steffisburg	15689	8214	1496	1039	69.45187166
940	Teuffenthal (BE)	161	89	17	14	82.35294118
941	Thierachern	2414	1218	181	110	60.77348066
942	Thun	43500	22857	4271	2967	69.46850855
943	Uebeschi	673	332	51	33	64.70588235
944	Uetendorf	5998	3038	440	303	68.86363636
945	Unterlangenegg	934	474	85	59	69.41176471
946	Wachseldorn	235	117	21	10	47.61904762
947	Zwieselberg	306	149	17	11	64.70588235
948	Forst-Längenbühl	776	400	80	51	63.75
951	Affoltern im Emmental	1159	567	97	73	75.25773196
952	Dürrenroth	1067	535	79	53	67.08860759
953	Eriswil	1362	683	90	54	60
954	Huttwil	4741	2363	430	286	66.51162791
955	Lützelflüh	4080	2083	318	223	70.12578616
956	Rüegsau	3201	1620	284	187	65.84507042
957	Sumiswald	4999	2500	390	246	63.07692308
958	Trachselwald	977	477	61	37	60.6557377
959	Walterswil (BE)	524	262	30	16	53.33333333
960	Wyssachen	1169	573	94	64	68.08510638
971	Attiswil	1407	702	98	65	66.32653061
972	Berken	40	22	3	3	100
973	Bettenhausen	660	340	59	42	71.18644068
975	Farnern	205	103	9	6	66.66666667
976	Graben	337	157	30	24	80
977	Heimenhausen	1105	539	110	75	68.18181818
978	Hermiswil	96	50	9	7	77.77777778
979	Herzogenbuchsee	6994	3605	718	462	64.3454039
980	Inkwil	624	311	44	32	72.72727273
981	Niederbipp	4524	2232	453	259	57.17439294
982	Niederönz	1641	832	138	96	69.56521739
983	Oberbipp	1661	824	164	105	64.02439024
985	Ochlenberg	573	280	40	27	67.5
987	Rumisberg	470	229	31	14	45.16129032
988	Seeberg	1408	698	117	85	72.64957265
989	Thörigen	1090	525	100	69	69
990	Walliswil bei Niederbipp	224	115	20	16	80
991	Walliswil bei Wangen	578	292	36	25	69.44444444
992	Wangen an der Aare	2274	1150	216	148	68.51851852
993	Wangenried	431	221	37	23	62.16216216
995	Wiedlisbach	2270	1164	213	136	63.84976526
996	Wolfisberg	187	92	16	11	68.75
1001	Doppleschwand	750	357	65	33	50.76923077
1002	Entlebuch	3349	1616	306	213	69.60784314
1004	Flühli	1882	907	241	183	75.93360996
1005	Hasle (LU)	1748	835	152	107	70.39473684
1007	Romoos	676	331	64	46	71.875
1008	Schüpfheim	4154	2103	399	277	69.4235589
1009	Werthenstein	2044	1002	189	122	64.55026455
1010	Escholzmatt-Marbach	4326	2123	392	264	67.34693878
1021	Aesch (LU)	1088	536	99	68	68.68686869
1022	Altwis	416	205	40	24	60
1023	Ballwil	2748	1360	264	169	64.01515152
1024	Emmen	29723	14844	3300	1923	58.27272727
1025	Ermensee	892	431	67	40	59.70149254
1026	Eschenbach (LU)	3658	1820	321	226	70.40498442
1030	Hitzkirch	5152	2565	445	290	65.16853933
1031	Hochdorf	9725	4963	1012	658	65.01976285
1032	Hohenrain	2539	1226	235	146	62.12765957
1033	Inwil	2427	1174	241	171	70.95435685
1037	Rain	2541	1263	214	148	69.1588785
1039	Römerswil	1706	847	142	86	60.56338028
1040	Rothenburg	7337	3682	598	420	70.23411371
1041	Schongau	1012	473	60	39	65
1051	Adligenswil	5348	2682	351	250	71.22507123
1052	Buchrain	6132	3066	563	365	64.8312611
1053	Dierikon	1438	721	180	109	60.55555556
1054	Ebikon	13106	6616	1458	968	66.39231824
1055	Gisikon	1189	580	130	83	63.84615385
1056	Greppen	1036	512	72	47	65.27777778
1057	Honau	380	188	31	23	74.19354839
1058	Horw	13788	7072	1226	913	74.46982055
1059	Kriens	27046	13831	2545	1713	67.30844794
1061	Luzern	81295	42328	10456	7983	76.34850803
1062	Malters	6988	3466	692	498	71.96531792
1063	Meggen	6853	3531	434	325	74.88479263
1064	Meierskappel	1352	663	98	61	62.24489796
1065	Root	4718	2321	531	309	58.1920904
1066	Schwarzenberg	1704	834	144	106	73.61111111
1067	Udligenswil	2278	1158	160	111	69.375
1068	Vitznau	1320	625	121	89	73.55371901
1069	Weggis	4330	2197	341	249	73.02052786
1081	Beromünster	6445	3202	641	413	64.43057722
1082	Büron	2367	1158	243	153	62.96296296
1083	Buttisholz	3254	1607	304	221	72.69736842
1084	Eich	1684	840	133	105	78.94736842
1085	Geuensee	2843	1412	287	165	57.4912892
1086	Grosswangen	3120	1525	290	190	65.51724138
1088	Hildisrieden	2138	1053	179	113	63.12849162
1089	Knutwil	2141	1050	184	121	65.76086957
1091	Mauensee	1326	667	144	107	74.30555556
1093	Neuenkirch	6646	3283	631	442	70.04754358
1094	Nottwil	3613	1804	362	246	67.9558011
1095	Oberkirch	4316	2158	508	363	71.45669291
1097	Rickenbach (LU)	3194	1588	291	174	59.79381443
1098	Ruswil	6842	3360	647	466	72.02472952
1099	Schenkon	2747	1370	247	177	71.65991903
1100	Schlierbach	819	386	54	31	57.40740741
1102	Sempach	4159	2077	339	239	70.50147493
1103	Sursee	9490	4847	1216	886	72.86184211
1104	Triengen	4511	2201	428	238	55.60747664
1107	Wolhusen	4319	2101	448	287	64.0625
1121	Alberswil	656	315	73	51	69.8630137
1122	Altbüron	986	475	78	53	67.94871795
1123	Altishofen	1555	759	186	113	60.75268817
1125	Dagmersellen	5234	2558	588	380	64.62585034
1126	Ebersecken	401	189	32	26	81.25
1127	Egolzwil	1420	698	133	95	71.42857143
1128	Ettiswil	2649	1333	288	203	70.48611111
1129	Fischbach	726	349	59	37	62.71186441
1130	Gettnau	1140	521	98	46	46.93877551
1131	Grossdietwil	831	406	64	46	71.875
1132	Hergiswil bei Willisau	1887	922	174	115	66.09195402
1135	Luthern	1289	616	88	54	61.36363636
1136	Menznau	2884	1382	244	155	63.52459016
1137	Nebikon	2565	1277	281	161	57.29537367
1139	Pfaffnau	2529	1234	251	156	62.15139442
1140	Reiden	6976	3407	708	438	61.86440678
1142	Roggliswil	661	324	75	57	76
1143	Schötz	4185	2083	434	256	58.98617512
1145	Ufhusen	892	420	74	50	67.56756757
1146	Wauwil	1978	986	201	124	61.69154229
1147	Wikon	1477	738	120	77	64.16666667
1150	Zell (LU)	1997	987	199	134	67.33668342
1151	Willisau	7676	3848	780	536	68.71794872
1201	Altdorf (UR)	9203	4670	964	706	73.23651452
1202	Andermatt	1387	650	133	110	82.70676692
1203	Attinghausen	1623	804	129	82	63.56589147
1204	Bauen	158	80	15	12	80
1205	Bürglen (UR)	3994	1965	348	227	65.22988506
1206	Erstfeld	3774	1829	289	171	59.16955017
1207	Flüelen	1972	968	161	112	69.56521739
1208	Göschenen	438	213	34	23	67.64705882
1209	Gurtnellen	577	277	46	27	58.69565217
1210	Hospental	202	93	15	11	73.33333333
1211	Isenthal	512	243	43	31	72.09302326
1212	Realp	141	69	9	7	77.77777778
1213	Schattdorf	5041	2443	436	293	67.20183486
1214	Seedorf (UR)	1807	890	143	86	60.13986014
1215	Seelisberg	688	349	28	18	64.28571429
1216	Silenen	2108	973	166	114	68.6746988
1217	Sisikon	378	173	39	27	69.23076923
1218	Spiringen	846	404	68	45	66.17647059
1219	Unterschächen	696	327	71	47	66.1971831
1220	Wassen	428	205	25	14	56
1301	Einsiedeln	15077	7489	1334	893	66.94152924
1311	Gersau	2240	1072	182	113	62.08791209
1321	Feusisberg	5146	2347	366	243	66.39344262
1322	Freienbach	16037	7517	1237	780	63.05578011
1323	Wollerau	7048	3306	497	349	70.22132797
1331	Küssnacht (SZ)	12423	6083	1000	675	67.5
1341	Altendorf	6744	3257	642	463	72.11838006
1342	Galgenen	5141	2524	503	337	66.99801193
1343	Innerthal	193	99	13	9	69.23076923
1344	Lachen	8480	4245	831	530	63.77858002
1345	Reichenburg	3418	1629	355	214	60.28169014
1346	Schübelbach	9016	4461	1012	632	62.45059289
1347	Tuggen	3214	1585	362	242	66.85082873
1348	Vorderthal	1014	461	81	59	72.83950617
1349	Wangen (SZ)	4884	2436	447	311	69.57494407
1361	Alpthal	597	290	39	33	84.61538462
1362	Arth	11597	5723	1186	765	64.50252951
1363	Illgau	792	388	79	43	54.43037975
1364	Ingenbohl	8695	4494	743	515	69.31359354
1365	Lauerz	1096	524	86	55	63.95348837
1366	Morschach	1124	528	93	62	66.66666667
1367	Muotathal	3499	1682	331	201	60.72507553
1368	Oberiberg	878	401	52	30	57.69230769
1369	Riemenstalden	89	46	5	0	0
1370	Rothenthurm	2302	1140	244	156	63.93442623
1371	Sattel	1931	919	184	117	63.58695652
1372	Schwyz	14856	7375	1466	1026	69.98635744
1373	Steinen	3312	1654	292	207	70.89041096
1374	Steinerberg	920	442	74	57	77.02702703
1375	Unteriberg	2330	1151	221	154	69.68325792
1401	Alpnach	5908	2857	614	409	66.61237785
1402	Engelberg	4097	1997	339	258	76.10619469
1403	Giswil	3586	1744	340	234	68.82352941
1404	Kerns	6048	2992	613	411	67.04730832
1405	Lungern	2142	1055	175	127	72.57142857
1406	Sachseln	5066	2551	437	306	70.0228833
1407	Sarnen	10229	5079	951	684	71.92429022
1501	Beckenried	3544	1738	296	185	62.5
1502	Buochs	5433	2657	531	377	70.99811676
1503	Dallenwil	1797	868	161	115	71.42857143
1504	Emmetten	1380	635	112	76	67.85714286
1505	Ennetbürgen	4600	2270	390	281	72.05128205
1506	Ennetmoos	2100	1015	186	121	65.05376344
1507	Hergiswil (NW)	5645	2673	453	322	71.0816777
1508	Oberdorf (NW)	3100	1531	263	191	72.62357414
1509	Stans	8277	4132	795	589	74.08805031
1510	Stansstad	4396	2165	368	257	69.83695652
1511	Wolfenschiessen	2148	1031	200	131	65.5
1630	Glarus Nord	17797	8802	1811	1086	59.96686913
1631	Glarus Süd	9661	4696	700	473	67.57142857
1632	Glarus	12570	6221	1210	746	61.65289256
1701	Baar	23561	11669	2295	1473	64.18300654
1702	Cham	15954	7954	1533	985	64.2530985
1703	Hünenberg	8848	4358	691	475	68.74095514
1704	Menzingen	4439	2243	335	220	65.67164179
1705	Neuheim	2154	990	163	112	68.71165644
1706	Oberägeri	5940	2973	413	275	66.58595642
1707	Risch	10272	4928	1126	717	63.67673179
1708	Steinhausen	9543	4785	891	572	64.19753086
1709	Unterägeri	8583	4288	666	442	66.36636637
1710	Walchwil	3584	1730	231	143	61.9047619
1711	Zug	29256	14508	2817	1871	66.41817536
2004	Bussy (FR)	483	241	65	48	73.84615385
2005	Châbles	769	385	71	46	64.78873239
2008	Châtillon (FR)	447	224	38	25	65.78947368
2009	Cheiry	379	189	32	23	71.875
2010	Cheyres	1411	698	107	67	62.61682243
2011	Cugy (FR)	1633	829	172	120	69.76744186
2013	Domdidier	3064	1497	290	185	63.79310345
2014	Dompierre (FR)	1022	495	119	65	54.62184874
2015	Estavayer-le-Lac	6208	3171	636	418	65.72327044
2016	Fétigny	962	475	94	60	63.82978723
2022	Gletterens	1004	502	76	42	55.26315789
2024	Léchelles	804	392	111	69	62.16216216
2025	Lully (FR)	1124	579	111	75	67.56756757
2027	Ménières	414	204	35	23	65.71428571
2029	Montagny (FR)	2354	1204	238	156	65.54621849
2033	Morens (FR)	154	71	12	8	66.66666667
2034	Murist	621	309	48	28	58.33333333
2035	Nuvilly	408	200	32	16	50
2038	Prévondavaux	65	26	2	0	0
2039	Rueyres-les-Prés	432	218	48	25	52.08333333
2040	Russy	216	102	17	10	58.82352941
2041	Saint-Aubin (FR)	1659	822	154	97	62.98701299
2043	Sévaz	270	134	21	13	61.9047619
2044	Surpierre	330	171	35	28	80
2045	Vallon	404	198	38	22	57.89473684
2047	Villeneuve (FR)	374	172	21	16	76.19047619
2049	Vuissens	245	112	24	8	33.33333333
2050	Les Montets	1405	682	112	75	66.96428571
2051	Delley-Portalban	1066	518	91	62	68.13186813
2052	Vernay	1119	555	111	87	78.37837838
2061	Auboranges	272	135	16	12	75
2063	Billens-Hennens	687	340	68	46	67.64705882
2066	Chapelle (Glâne)	259	131	20	14	70
2067	Le Châtelard	377	186	35	20	57.14285714
2068	Châtonnaye	786	389	85	60	70.58823529
2072	Ecublens (FR)	332	174	35	26	74.28571429
2079	Grangettes	191	94	22	13	59.09090909
2086	Massonnens	516	247	66	41	62.12121212
2087	Mézières (FR)	995	495	94	64	68.08510638
2089	Montet (Glâne)	392	185	28	18	64.28571429
2096	Romont (FR)	5193	2590	560	353	63.03571429
2097	Rue	1473	750	145	82	56.55172414
2099	Siviriez	2243	1130	226	149	65.92920354
2102	Ursy	2936	1460	291	181	62.19931271
2111	Villaz-Saint-Pierre	1231	593	127	88	69.29133858
2113	Vuisternens-devant-Romont	2251	1134	212	129	60.8490566
2114	Villorsonnens	1304	652	123	83	67.4796748
2115	Torny	885	432	85	46	54.11764706
2116	La Folliaz	955	472	72	45	62.5
2121	Haut-Intyamon	1523	753	126	74	58.73015873
2122	Pont-en-Ogoz	1775	874	159	112	70.44025157
2123	Botterens	546	276	43	21	48.8372093
2124	Broc	2506	1241	208	111	53.36538462
2125	Bulle	21991	11134	2823	1895	67.12716968
2128	Châtel-sur-Montsalvens	274	124	23	15	65.2173913
2129	Corbières	839	421	78	52	66.66666667
2130	Crésuz	331	155	37	24	64.86486486
2131	Echarlens	814	409	77	51	66.23376623
2134	Grandvillard	795	394	72	47	65.27777778
2135	Gruyères	2153	1056	208	130	62.5
2137	Hauteville	643	322	58	32	55.17241379
2138	Jaun	662	312	42	28	66.66666667
2140	Marsens	1809	896	160	103	64.375
2143	Morlon	592	301	51	32	62.74509804
2145	Le Pâquier (FR)	1142	579	110	77	70
2147	Pont-la-Ville	590	284	47	39	82.9787234
2148	Riaz	2376	1196	240	152	63.33333333
2149	La Roche	1613	801	152	94	61.84210526
2152	Sâles	1447	734	142	99	69.71830986
2153	Sorens	1098	535	103	64	62.13592233
2155	Vaulruz	1032	524	107	62	57.94392523
2160	Vuadens	2282	1142	233	152	65.2360515
2162	Bas-Intyamon	1291	643	108	64	59.25925926
2163	Val-de-Charmey	2416	1206	180	117	65
2171	Arconciel	864	418	81	50	61.72839506
2172	Autafond	71	32	5	4	80
2173	Autigny	803	403	81	43	53.08641975
2174	Avry	1874	964	202	142	70.2970297
2175	Belfaux	3217	1616	353	213	60.33994334
2177	Chénens	854	432	101	62	61.38613861
2179	Chésopelloz	123	55	6	5	83.33333333
2183	Corminboeuf	2332	1144	192	146	76.04166667
2184	Corpataux-Magnedens	1313	640	110	70	63.63636364
2185	Corserey	418	212	41	27	65.85365854
2186	Cottens (FR)	1490	741	126	79	62.6984127
2189	Ependes (FR)	1112	562	111	82	73.87387387
2192	Farvagny	2236	1150	240	169	70.41666667
2194	Ferpicloz	285	150	21	14	66.66666667
2196	Fribourg	38489	19405	4938	3431	69.48157149
2197	Givisiez	3125	1561	396	230	58.08080808
2198	Granges-Paccot	3358	1668	431	277	64.26914153
2200	Grolley	1900	942	214	136	63.55140187
2206	Marly	8083	4194	821	567	69.06211937
2208	Matran	1539	790	146	107	73.28767123
2211	Neyruz (FR)	2572	1264	271	188	69.37269373
2213	Noréaz	623	313	59	41	69.49152542
2216	Pierrafortscha	139	70	12	11	91.66666667
2217	Ponthaux	686	343	62	46	74.19354839
2220	Le Mouret	3073	1511	236	153	64.83050847
2221	Prez-vers-Noréaz	1002	509	104	68	65.38461538
2222	Rossens (FR)	1335	672	122	81	66.39344262
2223	Le Glèbe	1260	620	110	70	63.63636364
2225	Senèdes	156	74	8	4	50
2226	Treyvaux	1442	709	115	76	66.08695652
2228	Villars-sur-Glâne	12142	6188	1274	839	65.855573
2230	Villarsel-sur-Marly	86	40	13	12	92.30769231
2231	Vuisternens-en-Ogoz	995	474	83	41	49.39759036
2233	Hauterive (FR)	2415	1182	224	140	62.5
2234	La Brillaz	1898	926	156	107	68.58974359
2235	La Sonnaz	1078	543	92	64	69.56521739
2243	Barberêche	527	254	36	30	83.33333333
2250	Courgevaux	1428	696	131	71	54.19847328
2251	Courlevon	293	150	31	23	74.19354839
2254	Courtepin	3681	1807	350	190	54.28571429
2257	Cressier (FR)	932	457	89	57	64.04494382
2258	Fräschels	460	215	38	26	68.42105263
2259	Galmiz	645	309	40	21	52.5
2260	Gempenach	307	144	19	14	73.68421053
2261	Greng	177	92	15	15	100
2262	Gurmels	4142	2052	379	256	67.54617414
2264	Jeuss	415	213	27	21	77.77777778
2265	Kerzers	4848	2450	506	313	61.85770751
2266	Kleinbösingen	602	303	44	31	70.45454545
2270	Lurtigen	181	95	13	12	92.30769231
2271	Meyriez	592	304	44	42	95.45454545
2272	Misery-Courtion	1835	879	193	122	63.21243523
2274	Muntelier	955	476	60	43	71.66666667
2275	Murten	6638	3426	576	379	65.79861111
2276	Ried bei Kerzers	1095	514	79	53	67.08860759
2277	Salvenach	593	298	61	41	67.21311475
2278	Ulmiz	414	204	29	20	68.96551724
2279	Villarepos	611	296	51	34	66.66666667
2280	Bas-Vully	2120	1034	154	102	66.23376623
2281	Haut-Vully	1375	683	100	72	72
2283	Wallenried	447	225	33	25	75.75757576
2291	Alterswil	2047	1033	189	139	73.54497354
2292	Brünisried	659	327	63	49	77.77777778
2293	Düdingen	7794	3883	727	492	67.67537827
2294	Giffers	1535	769	125	86	68.8
2295	Bösingen	3381	1677	287	196	68.29268293
2296	Heitenried	1373	657	112	79	70.53571429
2298	Oberschrot	1185	600	94	63	67.0212766
2299	Plaffeien	1982	960	161	112	69.56521739
2300	Plasselb	1021	497	70	46	65.71428571
2301	Rechthalten	1073	540	81	66	81.48148148
2302	St. Antoni	2014	999	169	124	73.37278107
2303	St. Silvester	963	483	68	55	80.88235294
2304	St. Ursen	1305	655	117	87	74.35897436
2305	Schmitten (FR)	4040	1969	373	249	66.75603217
2306	Tafers	3286	1635	341	223	65.39589443
2307	Tentlingen	1329	664	135	99	73.33333333
2308	Ueberstorf	2357	1168	194	144	74.22680412
2309	Wünnewil-Flamatt	5455	2707	559	336	60.10733453
2310	Zumholz	397	189	44	32	72.72727273
2321	Attalens	3295	1656	275	197	71.63636364
2323	Bossonnens	1494	758	143	88	61.53846154
2325	Châtel-Saint-Denis	6455	3203	636	421	66.19496855
2328	Granges (Veveyse)	834	414	45	28	62.22222222
2333	Remaufens	1044	528	88	51	57.95454545
2335	Saint-Martin (FR)	1034	507	80	53	66.25
2336	Semsales	1414	705	122	77	63.1147541
2337	Le Flon	1175	591	99	58	58.58585859
2338	La Verrerie	1155	589	94	61	64.89361702
2401	Egerkingen	3447	1714	358	193	53.91061453
2402	Härkingen	1533	743	156	103	66.02564103
2403	Kestenholz	1770	866	147	104	70.74829932
2404	Neuendorf	2056	1025	174	117	67.24137931
2405	Niederbuchsiten	1122	552	117	69	58.97435897
2406	Oberbuchsiten	2186	1089	246	154	62.60162602
2407	Oensingen	6203	3041	743	444	59.7577389
2408	Wolfwil	2081	1070	174	110	63.2183908
2421	Aedermannsdorf	549	248	44	29	65.90909091
2422	Balsthal	6019	2951	538	327	60.78066914
2423	Gänsbrunnen	95	43	5	4	80
2424	Herbetswil	533	248	30	18	60
2425	Holderbank (SO)	635	308	40	25	62.5
2426	Laupersdorf	1734	856	141	88	62.41134752
2427	Matzendorf	1292	643	111	81	72.97297297
2428	Mümliswil-Ramiswil	2444	1168	190	135	71.05263158
2429	Welschenrohr	1124	541	84	49	58.33333333
2445	Biezwil	323	156	19	15	78.94736842
2455	Lüterkofen-Ichertswil	762	395	66	51	77.27272727
2456	Lüterswil-Gächliwil	315	160	18	13	72.22222222
2457	Messen	1461	712	115	77	66.95652174
2461	Schnottwil	1063	539	84	64	76.19047619
2463	Unterramsern	203	108	13	8	61.53846154
2464	Lüsslingen-Nennigkofen	1057	526	72	52	72.22222222
2465	Buchegg	2507	1277	215	166	77.20930233
2471	Bättwil	1195	591	71	48	67.6056338
2472	Büren (SO)	996	512	89	49	55.05617978
2473	Dornach	6538	3413	540	391	72.40740741
2474	Gempen	889	449	53	38	71.69811321
2475	Hochwald	1293	662	92	76	82.60869565
2476	Hofstetten-Flüh	3162	1605	215	162	75.34883721
2477	Metzerlen-Mariastein	910	439	62	43	69.35483871
2478	Nuglar-St. Pantaleon	1482	751	109	92	84.40366972
2479	Rodersdorf	1332	702	90	72	80
2480	Seewen	1022	513	74	52	70.27027027
2481	Witterswil	1494	743	108	82	75.92592593
2491	Hauenstein-Ifenthal	314	148	18	12	66.66666667
2492	Kienberg	521	247	43	28	65.11627907
2493	Lostorf	3926	1975	297	205	69.02356902
2495	Niedergösgen	3758	1876	361	229	63.43490305
2497	Obergösgen	2217	1125	222	139	62.61261261
2498	Rohr (SO)	94	45	7	5	71.42857143
2499	Stüsslingen	1075	539	80	47	58.75
2500	Trimbach	6505	3284	680	390	57.35294118
2501	Winznau	1820	902	132	83	62.87878788
2502	Wisen (SO)	404	201	22	15	68.18181818
2503	Erlinsbach (SO)	3397	1745	332	218	65.6626506
2511	Aeschi (SO)	1216	584	115	83	72.17391304
2513	Biberist	8223	4212	743	481	64.73755047
2514	Bolken	571	279	45	29	64.44444444
2516	Deitingen	2215	1104	169	110	65.0887574
2517	Derendingen	6319	3166	604	386	63.90728477
2518	Etziken	787	404	66	45	68.18181818
2519	Gerlafingen	4988	2511	494	259	52.4291498
2520	Halten	873	438	58	44	75.86206897
2523	Horriwil	865	424	69	41	59.42028986
2524	Hüniken	94	45	2	2	100
2525	Kriegstetten	1274	639	107	79	73.8317757
2526	Lohn-Ammannsegg	2706	1373	219	167	76.25570776
2527	Luterbach	3437	1745	278	180	64.74820144
2528	Obergerlafingen	1111	544	86	54	62.79069767
2529	Oekingen	807	406	59	45	76.27118644
2530	Recherswil	1826	933	150	88	58.66666667
2532	Subingen	3068	1553	271	183	67.52767528
2534	Zuchwil	8744	4369	983	619	62.97049847
2535	Drei Höfe	742	370	63	47	74.6031746
2541	Balm bei Günsberg	202	87	6	4	66.66666667
2542	Bellach	5211	2610	462	279	60.38961039
2543	Bettlach	4873	2416	438	278	63.47031963
2544	Feldbrunnen-St. Niklaus	974	484	82	64	78.04878049
2545	Flumenthal	959	478	72	46	63.88888889
2546	Grenchen	16741	8483	1610	949	58.94409938
2547	Günsberg	1152	583	86	55	63.95348837
2548	Hubersdorf	725	363	49	31	63.26530612
2549	Kammersrohr	33	15	3	3	100
2550	Langendorf	3749	1940	296	210	70.94594595
2551	Lommiswil	1479	742	97	67	69.07216495
2553	Oberdorf (SO)	1654	857	97	70	72.16494845
2554	Riedholz	2289	1143	160	102	63.75
2555	Rüttenen	1507	778	128	88	68.75
2556	Selzach	3301	1643	274	185	67.51824818
2571	Boningen	735	366	86	63	73.25581395
2572	Däniken	2769	1318	227	148	65.19823789
2573	Dulliken	4897	2470	527	295	55.9772296
2574	Eppenberg-Wöschnau	317	156	49	37	75.51020408
2575	Fulenbach	1726	845	138	86	62.31884058
2576	Gretzenbach	2643	1310	269	177	65.79925651
2578	Gunzgen	1655	812	135	74	54.81481481
2579	Hägendorf	4866	2432	437	267	61.09839817
2580	Kappel (SO)	3087	1566	294	172	58.50340136
2581	Olten	17833	9095	2321	1606	69.1943128
2582	Rickenbach (SO)	840	402	46	29	63.04347826
2583	Schönenwerd	4873	2453	496	295	59.47580645
2584	Starrkirch-Wil	1700	848	142	96	67.6056338
2585	Walterswil (SO)	692	337	36	22	61.11111111
2586	Wangen bei Olten	5088	2579	493	301	61.05476673
2601	Solothurn	16721	8642	2061	1571	76.22513343
2611	Bärschwil	812	396	54	33	61.11111111
2612	Beinwil (SO)	265	128	12	8	66.66666667
2613	Breitenbach	3754	1896	336	189	56.25
2614	Büsserach	2202	1095	175	114	65.14285714
2615	Erschwil	903	453	71	49	69.01408451
2616	Fehren	610	309	49	35	71.42857143
2617	Grindel	486	246	36	27	75
2618	Himmelried	930	451	60	46	76.66666667
2619	Kleinlützel	1258	648	82	63	76.82926829
2620	Meltingen	664	324	48	26	54.16666667
2621	Nunningen	1881	924	152	114	75
2622	Zullwil	638	311	39	23	58.97435897
2701	Basel	169916	87667	19845	13981	70.45099521
2702	Bettingen	1158	591	84	55	65.47619048
2703	Riehen	20743	11045	1308	866	66.20795107
2761	Aesch (BL)	10173	5202	856	554	64.71962617
2762	Allschwil	20464	10608	1845	1218	66.01626016
2763	Arlesheim	9223	4981	607	442	72.81713344
2764	Biel-Benken	3408	1723	178	128	71.91011236
2765	Binningen	15121	7862	1212	817	67.40924092
2766	Birsfelden	10356	5299	1004	649	64.64143426
2767	Bottmingen	6441	3347	508	359	70.66929134
2768	Ettingen	4978	2515	401	273	68.0798005
2769	Münchenstein	11901	6095	1076	741	68.866171
2770	Muttenz	17610	9068	1494	1030	68.94243641
2771	Oberwil (BL)	11105	5783	838	580	69.2124105
2772	Pfeffingen	2362	1177	143	106	74.12587413
2773	Reinach (BL)	18855	9787	1381	948	68.64590876
2774	Schönenbuch	1374	693	79	64	81.01265823
2775	Therwil	10007	5153	747	514	68.8085676
2781	Blauen	695	347	52	38	73.07692308
2782	Brislach	1609	788	107	69	64.48598131
2783	Burg im Leimental	263	143	14	9	64.28571429
2784	Dittingen	729	374	57	36	63.15789474
2785	Duggingen	1510	735	97	72	74.22680412
2786	Grellingen	1840	910	173	111	64.16184971
2787	Laufen	5544	2828	548	373	68.06569343
2788	Liesberg	1167	574	92	56	60.86956522
2789	Nenzlingen	420	207	25	18	72
2790	Roggenburg	280	132	14	11	78.57142857
2791	Röschenz	1845	898	131	87	66.41221374
2792	Wahlen	1410	695	109	72	66.05504587
2793	Zwingen	2261	1099	229	142	62.00873362
2821	Arisdorf	1659	854	127	88	69.29133858
2822	Augst	947	459	68	47	69.11764706
2823	Bubendorf	4378	2183	357	254	71.14845938
2824	Frenkendorf	6490	3244	651	384	58.98617512
2825	Füllinsdorf	4385	2238	357	198	55.46218487
2826	Giebenach	1036	509	81	50	61.72839506
2827	Hersberg	328	160	15	9	60
2828	Lausen	5014	2576	498	314	63.05220884
2829	Liestal	14079	7075	1379	883	64.03190718
2830	Lupsingen	1415	733	92	65	70.65217391
2831	Pratteln	15898	7976	1648	948	57.52427184
2832	Ramlinsburg	699	354	44	38	86.36363636
2833	Seltisberg	1308	683	99	73	73.73737374
2834	Ziefen	1542	793	117	83	70.94017094
2841	Anwil	583	294	39	25	64.1025641
2842	Böckten	789	382	51	32	62.74509804
2843	Buckten	693	339	55	36	65.45454545
2844	Buus	999	490	79	51	64.55696203
2845	Diepflingen	719	372	62	40	64.51612903
2846	Gelterkinden	5995	3054	538	358	66.54275093
2847	Häfelfingen	272	134	16	12	75
2848	Hemmiken	271	139	18	10	55.55555556
2849	Itingen	2057	1019	178	109	61.23595506
2850	Känerkinden	520	256	27	19	70.37037037
2851	Kilchberg (BL)	154	77	9	7	77.77777778
2852	Läufelfingen	1302	632	83	55	66.26506024
2853	Maisprach	943	485	86	79	91.86046512
2854	Nusshof	259	125	7	4	57.14285714
2855	Oltingen	480	252	39	26	66.66666667
2856	Ormalingen	2114	1071	217	156	71.88940092
2857	Rickenbach (BL)	597	284	35	28	80
2858	Rothenfluh	776	394	70	50	71.42857143
2859	Rümlingen	386	187	28	14	50
2860	Rünenberg	776	384	42	27	64.28571429
2861	Sissach	6624	3369	692	473	68.35260116
2862	Tecknau	862	432	88	49	55.68181818
2863	Tenniken	894	468	77	62	80.51948052
2864	Thürnen	1399	682	120	76	63.33333333
2865	Wenslingen	730	362	33	21	63.63636364
2866	Wintersingen	613	309	48	36	75
2867	Wittinsburg	429	218	20	17	85
2868	Zeglingen	481	237	32	17	53.125
2869	Zunzgen	2508	1264	214	154	71.96261682
2881	Arboldswil	568	281	30	22	73.33333333
2882	Bennwil	646	305	41	31	75.6097561
2883	Bretzwil	779	382	55	30	54.54545455
2884	Diegten	1618	819	137	87	63.50364964
2885	Eptingen	532	259	45	29	64.44444444
2886	Hölstein	2415	1197	190	115	60.52631579
2887	Lampenberg	491	246	30	24	80
2888	Langenbruck	992	463	74	52	70.27027027
2889	Lauwil	327	168	17	12	70.58823529
2890	Liedertswil	160	75	6	5	83.33333333
2891	Niederdorf	1789	903	167	101	60.47904192
2892	Oberdorf (BL)	2399	1178	194	122	62.88659794
2893	Reigoldswil	1597	794	148	107	72.2972973
2894	Titterten	408	206	36	23	63.88888889
2895	Waldenburg	1156	576	99	66	66.66666667
2901	Gächlingen	824	407	59	40	67.79661017
2903	Löhningen	1387	691	97	59	60.82474227
2904	Neunkirch	2086	1025	192	122	63.54166667
2914	Büttenhardt	346	173	22	16	72.72727273
2915	Dörflingen	972	490	77	48	62.33766234
2917	Lohn (SH)	757	386	69	40	57.97101449
2919	Stetten (SH)	1328	665	90	56	62.22222222
2920	Thayngen	5293	2638	461	274	59.43600868
2931	Bargen (SH)	291	128	20	15	75
2932	Beringen	4541	2256	445	275	61.79775281
2933	Buchberg	824	401	42	23	54.76190476
2936	Merishausen	865	434	68	39	57.35294118
2937	Neuhausen am Rheinfall	10316	5182	1041	559	53.69836695
2938	Rüdlingen	736	372	49	40	81.63265306
2939	Schaffhausen	35948	18517	3705	2489	67.17948718
2951	Beggingen	481	234	28	22	78.57142857
2952	Schleitheim	1694	824	117	71	60.68376068
2953	Siblingen	834	416	51	32	62.74509804
2961	Buch (SH)	316	151	21	16	76.19047619
2962	Hemishofen	460	226	35	26	74.28571429
2963	Ramsen	1371	686	104	74	71.15384615
2964	Stein am Rhein	3343	1715	261	161	61.68582375
2971	Hallau	2072	1064	138	89	64.49275362
2972	Oberhallau	439	210	32	19	59.375
2973	Trasadingen	601	292	26	15	57.69230769
2974	Wilchingen	1711	862	127	92	72.44094488
3001	Herisau	15721	7807	1554	1012	65.12226512
3002	Hundwil	962	463	90	51	56.66666667
3003	Schönengrund	524	266	54	39	72.22222222
3004	Schwellbrunn	1531	746	133	71	53.38345865
3005	Stein (AR)	1406	691	125	78	62.4
3006	Urnäsch	2247	1106	209	123	58.85167464
3007	Waldstatt	1783	870	140	90	64.28571429
3021	Bühler	1705	833	153	92	60.13071895
3022	Gais	3073	1519	252	168	66.66666667
3023	Speicher	4215	2143	355	248	69.85915493
3024	Teufen (AR)	6165	3101	529	367	69.37618147
3025	Trogen	1704	842	133	95	71.42857143
3031	Grub (AR)	1008	485	74	41	55.40540541
3032	Heiden	4151	2083	329	222	67.47720365
3033	Lutzenberg	1254	605	87	50	57.47126437
3034	Rehetobel	1729	875	130	95	73.07692308
3035	Reute (AR)	692	330	39	31	79.48717949
3036	Wald (AR)	844	411	64	46	71.875
3037	Walzenhausen	2054	989	167	106	63.47305389
3038	Wolfhalden	1775	872	141	94	66.66666667
3101	Appenzell	5822	2839	593	388	65.43001686
3102	Gonten	1442	702	123	70	56.91056911
3103	Rüte	3525	1701	311	222	71.38263666
3104	Schlatt-Haslen	1110	519	115	77	66.95652174
3105	Schwende	2159	1071	202	138	68.31683168
3111	Oberegg	1916	946	164	114	69.51219512
3201	Häggenschwil	1264	644	119	73	61.34453782
3202	Muolen	1205	600	133	86	64.66165414
3203	St. Gallen	75538	38729	9643	6750	69.99896298
3204	Wittenbach	9652	4965	941	556	59.08607864
3211	Berg (SG)	840	419	71	49	69.01408451
3212	Eggersriet	2262	1146	179	108	60.33519553
3213	Goldach	9110	4693	841	536	63.73365042
3214	Mörschwil	3561	1783	278	196	70.50359712
3215	Rorschach	9214	4556	975	559	57.33333333
3216	Rorschacherberg	7214	3618	687	456	66.37554585
3217	Steinach	3519	1738	312	186	59.61538462
3218	Tübach	1337	664	105	57	54.28571429
3219	Untereggen	1045	500	66	42	63.63636364
3231	Au (SG)	7378	3671	767	474	61.79921773
3232	Balgach	4498	2264	475	333	70.10526316
3233	Berneck	3937	1967	348	225	64.65517241
3234	Diepoldsau	6347	3099	632	408	64.55696203
3235	Rheineck	3311	1636	320	202	63.125
3236	St. Margrethen	5792	2832	570	285	50
3237	Thal	6426	3132	560	354	63.21428571
3238	Widnau	9329	4560	916	557	60.80786026
3251	Altstätten	11358	5717	1130	721	63.80530973
3252	Eichberg	1539	769	143	98	68.53146853
3253	Marbach (SG)	2137	1066	198	126	63.63636364
3254	Oberriet (SG)	8719	4217	832	556	66.82692308
3255	Rebstein	4462	2198	418	266	63.63636364
3256	Rüthi (SG)	2256	1066	191	111	58.11518325
3271	Buchs (SG)	12414	6161	1430	857	59.93006993
3272	Gams	3296	1608	309	204	66.01941748
3273	Grabs	6929	3443	611	399	65.30278232
3274	Sennwald	5256	2501	490	303	61.83673469
3275	Sevelen	4828	2320	476	261	54.83193277
3276	Wartau	5231	2549	451	256	56.76274945
3291	Bad Ragaz	5739	2857	544	364	66.91176471
3292	Flums	4869	2398	476	287	60.29411765
3293	Mels	8620	4273	851	543	63.80728555
3294	Pfäfers	1573	743	110	79	71.81818182
3295	Quarten	2846	1439	239	153	64.0167364
3296	Sargans	6026	3056	683	411	60.17569546
3297	Vilters-Wangs	4649	2349	396	257	64.8989899
3298	Walenstadt	5520	2792	519	334	64.35452794
3311	Amden	1773	901	116	71	61.20689655
3312	Benken (SG)	2915	1444	247	147	59.51417004
3313	Kaltbrunn	4788	2305	481	282	58.62785863
3315	Schänis	3762	1871	367	223	60.76294278
3316	Weesen	1595	827	111	74	66.66666667
3338	Schmerikon	3668	1848	350	222	63.42857143
3339	Uznach	6295	3218	650	392	60.30769231
3340	Rapperswil-Jona	26875	13695	2641	1836	69.51912154
3341	Gommiswald	4969	2451	365	223	61.09589041
3342	Eschenbach (SG)	9123	4478	814	537	65.97051597
3352	Ebnat-Kappel	5057	2533	415	251	60.48192771
3359	Wildhaus-Alt St. Johann	2667	1300	193	121	62.69430052
3360	Nesslau	3611	1801	278	193	69.42446043
3372	Hemberg	927	466	69	36	52.17391304
3374	Lichtensteig	1911	935	172	120	69.76744186
3375	Oberhelfenschwil	1300	651	112	79	70.53571429
3378	Neckertal	3997	1909	306	198	64.70588235
3379	Wattwil	8581	4338	798	504	63.15789474
3392	Kirchberg (SG)	8874	4295	813	426	52.39852399
3393	Lütisburg	1451	712	138	85	61.5942029
3394	Mosnang	2802	1338	209	123	58.85167464
3395	Bütschwil-Ganterschwil	4734	2372	480	281	58.54166667
3401	Degersheim	4000	1986	361	221	61.21883657
3402	Flawil	10368	5211	1014	606	59.76331361
3405	Jonschwil	3767	1857	341	211	61.87683284
3407	Oberuzwil	6349	3137	636	383	60.22012579
3408	Uzwil	12781	6352	1303	747	57.32924021
3422	Niederbüren	1519	729	125	64	51.2
3423	Niederhelfenschwil	3008	1479	232	145	62.5
3424	Oberbüren	4272	2072	442	292	66.06334842
3426	Zuzwil (SG)	4812	2386	417	288	69.0647482
3427	Wil (SG)	23667	12044	2622	1656	63.15789474
3441	Andwil (SG)	1899	971	137	91	66.42335766
3442	Gaiserwald	8378	4241	756	477	63.0952381
3443	Gossau (SG)	18005	9045	1855	1203	64.85175202
3444	Waldkirch	3519	1737	293	185	63.13993174
3503	Mutten	72	31	4	3	75
3506	Vaz/Obervaz	2718	1349	264	185	70.07575758
3513	Lantsch/Lenz	526	253	52	37	71.15384615
3514	Schmitten (GR)	242	109	14	10	71.42857143
3521	Bergün/Bravuogn	507	231	42	25	59.52380952
3522	Filisur	445	221	41	27	65.85365854
3531	Bivio	179	98	10	8	80
3532	Cunter	256	118	24	18	75
3533	Marmorera	30	15	3	3	100
3534	Mulegns	26	14	1	1	100
3536	Riom-Parsonz	303	141	25	16	64
3538	Salouf	208	102	20	14	70
3539	Savognin	996	486	85	55	64.70588235
3540	Sur	64	32	5	5	100
3541	Tinizong-Rona	307	152	29	22	75.86206897
3542	Albula/Alvra	1331	663	110	87	79.09090909
3551	Brusio	1106	552	71	52	73.23943662
3561	Poschiavo	3513	1767	282	169	59.92907801
3572	Falera	614	288	52	40	76.92307692
3575	Laax	1617	737	180	130	72.22222222
3581	Sagogn	689	328	46	28	60.86956522
3582	Schluein	616	285	48	26	54.16666667
3603	Vals	990	494	91	72	79.12087912
3611	Andiast	203	102	17	14	82.35294118
3612	Obersaxen	829	414	69	54	78.26086957
3616	Waltensburg/Vuorz	338	165	30	21	70
3617	Mundaun	317	150	20	13	65
3618	Lumnezia	2060	994	156	128	82.05128205
3619	Ilanz/Glion	4695	2429	392	266	67.85714286
3633	Fürstenau	345	176	28	20	71.42857143
3637	Rothenbrunnen	303	158	30	24	80
3638	Scharans	820	419	70	52	74.28571429
3640	Sils im Domleschg	927	455	81	50	61.72839506
3661	Cazis	2087	1022	154	98	63.63636364
3662	Flerden	229	116	15	10	66.66666667
3663	Masein	475	239	46	27	58.69565217
3668	Thusis	3025	1492	283	165	58.30388693
3669	Tschappina	126	58	4	2	50
3670	Urmein	141	61	9	6	66.66666667
3672	Safiental	896	429	52	39	75
3673	Domleschg	1943	998	172	118	68.60465116
3681	Avers	168	89	12	9	75
3691	Hinterrhein	66	32	4	3	75
3693	Nufenen	156	71	10	5	50
3694	Splügen	384	188	38	30	78.94736842
3695	Sufers	125	64	9	4	44.44444444
3701	Andeer	958	496	60	41	68.33333333
3703	Casti-Wergenstein	52	20	4	3	75
3705	Donat	208	108	19	13	68.42105263
3707	Lohn (GR)	43	24	8	7	87.5
3708	Mathon	52	22	5	5	100
3711	Rongellen	59	24	8	5	62.5
3712	Zillis-Reischen	403	188	31	23	74.19354839
3713	Ferrera	84	37	9	7	77.77777778
3721	Bonaduz	3183	1618	308	209	67.85714286
3722	Domat/Ems	7880	3903	785	473	60.25477707
3723	Rhäzüns	1425	696	111	67	60.36036036
3731	Felsberg	2476	1222	231	141	61.03896104
3732	Flims	2697	1352	266	211	79.32330827
3733	Tamins	1174	571	91	69	75.82417582
3734	Trin	1323	656	124	81	65.32258065
3746	Zernez	1570	771	131	75	57.2519084
3752	Samnaun	773	375	85	70	82.35294118
3762	Scuol	4690	2369	411	276	67.15328467
3764	Valsot	904	450	60	46	76.66666667
3781	Bever	627	309	59	42	71.18644068
3782	Celerina/Schlarigna	1534	781	125	89	71.2
3783	Madulain	229	114	25	17	68
3784	Pontresina	2166	1094	197	130	65.98984772
3785	La Punt-Chamues-ch	749	370	57	42	73.68421053
3786	Samedan	2996	1523	288	217	75.34722222
3787	St. Moritz	5067	2552	475	358	75.36842105
3788	S-chanf	697	331	56	38	67.85714286
3789	Sils im Engadin/Segl	761	375	73	43	58.90410959
3790	Silvaplana	1086	565	108	86	79.62962963
3791	Zuoz	1250	599	93	64	68.8172043
3792	Bregaglia	1536	796	131	92	70.22900763
3804	Buseno	92	48	3	2	66.66666667
3805	Castaneda	266	148	19	16	84.21052632
3808	Rossa	147	67	7	4	57.14285714
3810	Santa Maria in Calanca	102	51	6	5	83.33333333
3821	Lostallo	767	370	52	34	65.38461538
3822	Mesocco	1349	649	95	65	68.42105263
3823	Soazza	347	156	18	15	83.33333333
3831	Cama	571	285	48	36	75
3832	Grono	1020	480	87	56	64.36781609
3833	Leggia	138	71	11	8	72.72727273
3834	Roveredo (GR)	2511	1266	179	119	66.48044693
3835	San Vittore	766	383	68	57	83.82352941
3836	Verdabbio	163	80	7	6	85.71428571
3837	Calanca	187	89	16	15	93.75
3847	Val Müstair	1539	799	117	94	80.34188034
3851	Davos	11109	5579	1125	857	76.17777778
3861	Fideris	600	301	60	44	73.33333333
3862	Furna	209	113	17	11	64.70588235
3863	Jenaz	1163	579	86	57	66.27906977
3871	Klosters-Serneus	3808	1921	312	224	71.79487179
3881	Conters im Prättigau	215	106	18	10	55.55555556
3882	Küblis	858	442	82	49	59.75609756
3883	Saas	729	354	43	28	65.11627907
3891	Luzein	1218	594	93	67	72.04301075
3893	St. Antönien	331	161	25	16	64
3901	Chur	34652	17827	3628	2731	75.27563396
3911	Churwalden	2030	968	194	146	75.25773196
3921	Arosa	3205	1535	290	224	77.24137931
3926	Maladers	506	249	42	30	71.42857143
3932	Tschiertschen-Praden	314	151	29	18	62.06896552
3941	Haldenstein	1023	518	81	55	67.90123457
3945	Trimmis	3188	1565	287	196	68.29268293
3946	Untervaz	2445	1228	231	156	67.53246753
3947	Zizers	3361	1674	315	213	67.61904762
3951	Fläsch	713	360	67	51	76.11940299
3952	Jenins	912	464	88	65	73.86363636
3953	Maienfeld	2767	1402	230	157	68.26086957
3954	Malans	2324	1174	191	145	75.91623037
3955	Landquart	8822	4393	884	542	61.31221719
3961	Grüsch	1984	989	178	130	73.03370787
3962	Schiers	2643	1299	236	163	69.06779661
3972	Seewis im Prättigau	1390	702	111	77	69.36936937
3981	Breil/Brigels	1258	623	106	79	74.52830189
3982	Disentis/Mustér	2070	1000	170	117	68.82352941
3983	Medel (Lucmagn)	389	199	31	29	93.5483871
3985	Sumvitg	1218	618	87	69	79.31034483
3986	Tujetsch	1324	644	105	81	77.14285714
3987	Trun	1202	626	107	92	85.98130841
4001	Aarau	20710	10588	2572	1894	73.63919129
4002	Biberstein	1477	748	86	64	74.41860465
4003	Buchs (AG)	7731	3963	941	589	62.59298618
4004	Densbüren	702	350	62	47	75.80645161
4005	Erlinsbach (AG)	3973	2028	327	210	64.22018349
4006	Gränichen	7432	3766	666	431	64.71471471
4007	Hirschthal	1571	795	153	108	70.58823529
4008	Küttigen	6030	3098	497	331	66.59959759
4009	Muhen	3831	1919	339	238	70.20648968
4010	Oberentfelden	7714	3901	704	406	57.67045455
4012	Suhr	9904	5082	1061	682	64.27898209
4013	Unterentfelden	4120	2064	371	219	59.0296496
4021	Baden	19012	9414	2379	1779	74.77931904
4022	Bellikon	1548	782	99	83	83.83838384
4023	Bergdietikon	2682	1362	208	115	55.28846154
4024	Birmenstorf (AG)	2922	1452	278	177	63.66906475
4026	Ennetbaden	3324	1688	342	259	75.73099415
4027	Fislisbach	5556	2827	589	365	61.96943973
4028	Freienwil	980	506	77	50	64.93506494
4029	Gebenstorf	4975	2455	493	316	64.09736308
4030	Killwangen	1960	955	162	99	61.11111111
4031	Künten	1671	825	146	94	64.38356164
4032	Mägenwil	2083	1008	180	118	65.55555556
4033	Mellingen	5343	2635	571	339	59.36952715
4034	Neuenhof	8819	4422	1034	539	52.12765957
4035	Niederrohrdorf	3693	1887	319	193	60.5015674
4037	Oberrohrdorf	4032	2002	326	216	66.25766871
4038	Obersiggenthal	8590	4377	745	432	57.98657718
4039	Remetschwil	2041	983	135	93	68.88888889
4040	Spreitenbach	11253	5565	1285	560	43.57976654
4041	Stetten (AG)	2139	1070	261	159	60.91954023
4042	Turgi	2988	1477	363	234	64.46280992
4044	Untersiggenthal	7161	3533	674	399	59.19881306
4045	Wettingen	20298	10344	1981	1323	66.7844523
4046	Wohlenschwil	1510	763	126	84	66.66666667
4047	Würenlingen	4577	2280	444	250	56.30630631
4048	Würenlos	6200	3118	457	286	62.58205689
4049	Ehrendingen	4743	2407	415	282	67.95180723
4061	Arni (AG)	1849	900	127	81	63.77952756
4062	Berikon	4608	2306	363	244	67.21763085
4063	Bremgarten (AG)	7775	3945	772	514	66.58031088
4064	Büttikon	980	485	74	45	60.81081081
4065	Dottikon	3857	1895	442	254	57.46606335
4066	Eggenwil	946	448	75	48	64
4067	Fischbach-Göslikon	1626	820	167	113	67.66467066
4068	Hägglingen	2419	1198	183	120	65.57377049
4071	Jonen	2019	1017	155	107	69.03225806
4072	Niederwil (AG)	2761	1357	270	186	68.88888889
4073	Oberlunkhofen	1925	988	140	97	69.28571429
4074	Oberwil-Lieli	2213	1099	151	107	70.86092715
4075	Rudolfstetten-Friedlisberg	4404	2234	445	265	59.5505618
4076	Sarmenstorf	2805	1421	277	187	67.50902527
4077	Tägerig	1455	728	135	81	60
4078	Uezwil	462	230	39	24	61.53846154
4079	Unterlunkhofen	1298	647	116	92	79.31034483
4080	Villmergen	7021	3433	816	491	60.17156863
4081	Widen	3571	1810	259	177	68.33976834
4082	Wohlen (AG)	15600	7711	1445	829	57.37024221
4083	Zufikon	4380	2216	374	251	67.11229947
4084	Islisberg	629	306	52	31	59.61538462
4091	Auenstein	1565	778	108	82	75.92592593
4092	Birr	4402	2143	413	181	43.82566586
4093	Birrhard	697	347	61	49	80.32786885
4094	Bözen	723	365	77	56	72.72727273
4095	Brugg	11200	5641	1127	739	65.57231588
4096	Effingen	613	314	60	41	68.33333333
4097	Elfingen	279	150	26	19	73.07692308
4099	Habsburg	407	202	31	26	83.87096774
4100	Hausen (AG)	3407	1684	351	230	65.52706553
4104	Lupfig	2296	1143	199	131	65.82914573
4105	Mandach	317	148	23	11	47.82608696
4106	Mönthal	391	192	22	16	72.72727273
4107	Mülligen	1057	518	115	76	66.08695652
4110	Remigen	1054	518	90	60	66.66666667
4111	Riniken	1478	745	129	79	61.24031008
4112	Rüfenach	866	415	66	38	57.57575758
4113	Scherz	649	320	44	31	70.45454545
4114	Schinznach-Bad	1264	600	105	58	55.23809524
4117	Thalheim (AG)	807	384	69	46	66.66666667
4120	Veltheim (AG)	1440	714	124	81	65.32258065
4121	Villigen	2029	971	170	101	59.41176471
4122	Villnachern	1573	763	123	76	61.78861789
4123	Windisch	7361	3706	776	518	66.75257732
4124	Bözberg	1570	779	129	88	68.21705426
4125	Schinznach	2224	1112	159	123	77.35849057
4131	Beinwil am See	3065	1534	253	178	70.35573123
4132	Birrwil	1132	568	95	66	69.47368421
4133	Burg (AG)	979	476	102	54	52.94117647
4134	Dürrenäsch	1222	595	100	61	61
4135	Gontenschwil	2078	1012	170	96	56.47058824
4136	Holziken	1317	665	151	98	64.90066225
4137	Leimbach (AG)	474	237	32	18	56.25
4138	Leutwil	756	375	51	37	72.54901961
4139	Menziken	5930	3003	534	290	54.3071161
4140	Oberkulm	2692	1406	265	161	60.75471698
4141	Reinach (AG)	8182	4082	765	378	49.41176471
4142	Schlossrued	820	407	64	45	70.3125
4143	Schmiedrued	1164	576	81	57	70.37037037
4144	Schöftland	4226	2169	404	269	66.58415842
4145	Teufenthal (AG)	1574	777	132	80	60.60606061
4146	Unterkulm	2970	1506	291	178	61.16838488
4147	Zetzwil	1320	643	110	75	68.18181818
4161	Eiken	2196	1061	198	108	54.54545455
4163	Frick	5284	2611	521	314	60.26871401
4164	Gansingen	1000	491	76	53	69.73684211
4165	Gipf-Oberfrick	3543	1766	314	242	77.07006369
4166	Herznach	1427	696	128	82	64.0625
4167	Hornussen	935	443	86	56	65.11627907
4169	Kaisten	2594	1284	194	125	64.43298969
4170	Laufenburg	3471	1657	281	168	59.78647687
4172	Münchwilen (AG)	902	436	97	48	49.48453608
4173	Oberhof	599	293	52	35	67.30769231
4175	Oeschgen	944	436	70	48	68.57142857
4176	Schwaderloch	674	317	51	35	68.62745098
4177	Sisseln	1551	739	123	73	59.3495935
4179	Ueken	900	440	65	42	64.61538462
4181	Wittnau	1216	597	114	77	67.54385965
4182	Wölflinswil	1005	480	82	58	70.73170732
4183	Zeihen	1102	543	96	71	73.95833333
4184	Mettauertal	1929	964	133	83	62.40601504
4191	Ammerswil	682	322	56	42	75
4192	Boniswil	1418	719	104	73	70.19230769
4193	Brunegg	732	354	70	35	50
4194	Dintikon	2168	1050	201	115	57.21393035
4195	Egliswil	1335	664	105	73	69.52380952
4196	Fahrwangen	2004	1005	191	113	59.16230366
4197	Hallwil	790	389	81	51	62.96296296
4198	Hendschiken	1163	561	115	69	60
4199	Holderbank (AG)	1148	555	119	66	55.46218487
4200	Hunzenschwil	3868	1903	508	304	59.84251969
4201	Lenzburg	9162	4580	1096	757	69.06934307
4202	Meisterschwanden	2818	1357	220	155	70.45454545
4203	Möriken-Wildegg	4395	2195	376	224	59.57446809
4204	Niederlenz	4546	2259	429	235	54.77855478
4205	Othmarsingen	2697	1323	314	184	58.59872611
4206	Rupperswil	5144	2507	517	314	60.73500967
4207	Schafisheim	2973	1433	240	152	63.33333333
4208	Seengen	3787	1926	301	201	66.77740864
4209	Seon	4945	2513	460	289	62.82608696
4210	Staufen	2937	1462	291	195	67.01030928
4221	Abtwil	970	484	89	56	62.92134831
4222	Aristau	1384	660	124	72	58.06451613
4223	Auw	1982	964	189	115	60.84656085
4224	Beinwil (Freiamt)	1080	549	98	68	69.3877551
4226	Besenbüren	607	303	47	31	65.95744681
4227	Bettwil	571	275	49	33	67.34693878
4228	Boswil	2780	1375	308	211	68.50649351
4229	Bünzen	1031	509	96	57	59.375
4230	Buttwil	1176	582	80	61	76.25
4231	Dietwil	1287	621	119	81	68.06722689
4232	Geltwil	201	98	28	19	67.85714286
4233	Kallern	330	162	29	24	82.75862069
4234	Merenschwand	3420	1640	295	184	62.37288136
4235	Mühlau	1068	519	88	55	62.5
4236	Muri (AG)	7591	3809	751	503	66.97736352
4237	Oberrüti	1512	753	158	116	73.41772152
4238	Rottenschwil	806	374	59	41	69.49152542
4239	Sins	4243	2093	380	244	64.21052632
4240	Waltenschwil	2762	1368	237	148	62.44725738
4251	Hellikon	803	410	69	46	66.66666667
4252	Kaiseraugst	5565	2751	520	293	56.34615385
4253	Magden	3949	1980	289	186	64.35986159
4254	Möhlin	10853	5418	1017	632	62.14355949
4255	Mumpf	1331	649	100	64	64
4256	Obermumpf	1060	520	101	62	61.38613861
4257	Olsberg	356	165	15	9	60
4258	Rheinfelden	13105	6584	1337	800	59.83545251
4259	Schupfart	766	361	57	39	68.42105263
4260	Stein (AG)	3136	1530	311	174	55.94855305
4261	Wallbach	1900	950	146	108	73.97260274
4262	Wegenstetten	1078	533	69	45	65.2173913
4263	Zeiningen	2277	1160	184	120	65.2173913
4264	Zuzgen	859	438	54	44	81.48148148
4271	Aarburg	7723	3786	905	488	53.92265193
4272	Attelwil	282	143	29	17	58.62068966
4273	Bottenwil	783	409	71	51	71.83098592
4274	Brittnau	3859	1945	340	225	66.17647059
4275	Kirchleerau	843	424	90	51	56.66666667
4276	Kölliken	4272	2167	413	260	62.95399516
4277	Moosleerau	917	434	83	59	71.08433735
4279	Murgenthal	2892	1404	232	137	59.05172414
4280	Oftringen	13251	6573	1492	842	56.43431635
4281	Reitnau	1245	625	111	74	66.66666667
4282	Rothrist	8684	4318	799	448	56.07008761
4283	Safenwil	3695	1838	326	190	58.28220859
4284	Staffelbach	1083	528	102	66	64.70588235
4285	Strengelbach	4597	2236	383	230	60.05221932
4286	Uerkheim	1361	672	114	73	64.03508772
4287	Vordemwald	1909	967	152	101	66.44736842
4288	Wiliberg	167	77	9	4	44.44444444
4289	Zofingen	11487	5839	1287	892	69.30846931
4301	Baldingen	271	138	24	20	83.33333333
4302	Böbikon	165	78	9	5	55.55555556
4303	Böttstein	3916	1879	346	170	49.13294798
4304	Döttingen	3799	1845	358	193	53.91061453
4305	Endingen	2528	1256	199	128	64.32160804
4306	Fisibach	440	205	33	22	66.66666667
4307	Full-Reuenthal	868	419	65	42	64.61538462
4308	Kaiserstuhl	396	180	26	14	53.84615385
4309	Klingnau	3312	1601	293	184	62.79863481
4310	Koblenz	1628	766	150	69	46
4311	Leibstadt	1274	616	95	49	51.57894737
4312	Lengnau (AG)	2667	1339	218	139	63.76146789
4313	Leuggern	2130	1059	168	110	65.47619048
4314	Mellikon	262	128	19	8	42.10526316
4315	Rekingen (AG)	989	453	74	48	64.86486486
4316	Rietheim	739	362	46	22	47.82608696
4317	Rümikon	291	136	36	24	66.66666667
4318	Schneisingen	1336	671	81	54	66.66666667
4319	Siglistorf	636	307	50	31	62
4320	Tegerfelden	1167	568	86	48	55.81395349
4322	Wislikofen	356	177	34	22	64.70588235
4323	Bad Zurzach	4164	2086	322	185	57.45341615
4401	Arbon	14266	7153	1367	872	63.78931968
4406	Dozwil	683	340	63	41	65.07936508
4411	Egnach	4573	2227	407	265	65.11056511
4416	Hefenhofen	1229	598	116	85	73.27586207
4421	Horn	2603	1296	229	166	72.48908297
4426	Kesswil	1002	517	61	29	47.54098361
4431	Roggwil (TG)	2952	1471	223	148	66.367713
4436	Romanshorn	10753	5457	1075	670	62.3255814
4441	Salmsach	1405	696	146	84	57.53424658
4446	Sommeri	520	274	59	34	57.62711864
4451	Uttwil	1832	920	133	95	71.42857143
4461	Amriswil	13113	6643	1525	930	60.98360656
4471	Bischofszell	5895	2910	579	352	60.79447323
4476	Erlen	3624	1781	415	243	58.55421687
4486	Hauptwil-Gottshaus	1915	941	191	116	60.73298429
4495	Hohentannen	616	292	58	35	60.34482759
4501	Kradolf-Schönenberg	3554	1731	363	205	56.4738292
4506	Sulgen	3708	1851	375	208	55.46666667
4511	Zihlschlacht-Sitterdorf	2254	1082	210	144	68.57142857
4536	Basadingen-Schlattingen	1828	900	151	98	64.90066225
4545	Diessenhofen	3676	1792	344	187	54.36046512
4546	Schlatt (TG)	1652	826	120	79	65.83333333
4551	Aadorf	8794	4335	804	519	64.55223881
4561	Felben-Wellhausen	2691	1287	263	163	61.97718631
4566	Frauenfeld	24864	12744	2893	1959	67.71517456
4571	Gachnang	3984	1971	362	236	65.19337017
4590	Hüttlingen	830	397	73	45	61.64383562
4591	Matzingen	2631	1297	273	165	60.43956044
4601	Neunforn	963	462	73	42	57.53424658
4606	Stettfurt	1164	566	80	53	66.25
4611	Thundorf	1424	688	118	75	63.55932203
4616	Uesslingen-Buch	1086	533	90	65	72.22222222
4621	Warth-Weiningen	1242	609	71	46	64.78873239
4641	Altnau	2149	1086	172	118	68.60465116
4643	Bottighofen	2171	1071	138	96	69.56521739
4646	Ermatingen	3202	1617	240	160	66.66666667
4651	Gottlieben	325	158	21	9	42.85714286
4656	Güttingen	1574	780	142	97	68.30985915
4666	Kemmental	2393	1175	197	142	72.08121827
4671	Kreuzlingen	21542	10847	2274	1512	66.49076517
4681	Langrickenbach	1276	617	112	74	66.07142857
4683	Lengwil	1659	839	171	121	70.76023392
4691	Münsterlingen	3199	1607	296	190	64.18918919
4696	Tägerwilen	4388	2184	381	264	69.29133858
4701	Wäldi	1036	500	70	45	64.28571429
4711	Affeltrangen	2495	1196	210	120	57.14285714
4716	Bettwiesen	1154	538	116	76	65.51724138
4721	Bichelsee-Balterswil	2801	1338	221	128	57.91855204
4723	Braunau	760	385	69	38	55.07246377
4724	Eschlikon	4278	2101	425	269	63.29411765
4726	Fischingen	2644	1295	218	136	62.3853211
4741	Lommis	1226	613	113	81	71.68141593
4746	Münchwilen (TG)	5270	2610	540	318	58.88888889
4751	Rickenbach (TG)	2773	1351	316	173	54.74683544
4756	Schönholzerswilen	814	394	74	40	54.05405405
4761	Sirnach	7675	3782	793	488	61.53846154
4776	Tobel-Tägerschen	1556	771	132	89	67.42424242
4781	Wängi	4580	2238	402	263	65.42288557
4786	Wilen (TG)	2467	1198	215	128	59.53488372
4791	Wuppenau	1121	561	85	43	50.58823529
4801	Berlingen	861	435	54	40	74.07407407
4806	Eschenz	1725	857	141	86	60.9929078
4811	Herdern	1020	518	93	64	68.8172043
4816	Homburg	1512	765	117	67	57.26495726
4821	Hüttwilen	1669	833	120	68	56.66666667
4826	Mammern	626	307	54	32	59.25925926
4831	Müllheim	2884	1434	247	160	64.77732794
4841	Pfyn	1941	975	175	106	60.57142857
4846	Raperswilen	395	186	22	15	68.18181818
4851	Salenstein	1282	635	100	83	83
4864	Steckborn	3726	1825	265	178	67.16981132
4871	Wagenhausen	1674	848	142	76	53.52112676
4881	Amlikon-Bissegg	1323	633	106	75	70.75471698
4891	Berg (TG)	3301	1639	265	195	73.58490566
4901	Birwinken	1363	677	124	77	62.09677419
4911	Bürglen (TG)	3690	1815	427	268	62.76346604
4921	Bussnang	2264	1092	212	135	63.67924528
4941	Märstetten	2758	1374	262	183	69.84732824
4946	Weinfelden	11187	5535	1251	846	67.62589928
4951	Wigoltingen	2374	1152	211	132	62.55924171
5001	Arbedo-Castione	4812	2439	493	327	66.32860041
5002	Bellinzona	18308	9681	1735	1178	67.8962536
5003	Cadenazzo	2762	1332	281	163	58.00711744
5004	Camorino	2790	1369	236	154	65.25423729
5005	Giubiasco	8627	4482	749	497	66.35514019
5006	Gnosca	735	373	54	33	61.11111111
5007	Gorduno	788	406	70	46	65.71428571
5008	Gudo	830	426	73	53	72.60273973
5009	Isone	385	184	20	12	60
5010	Lumino	1416	713	121	81	66.94214876
5012	Moleno	123	58	11	9	81.81818182
5013	Monte Carasso	2832	1446	279	174	62.3655914
5014	Pianezzo	602	303	42	24	57.14285714
5015	Preonzo	618	309	44	28	63.63636364
5017	Sant'Antonino	2411	1210	219	137	62.55707763
5018	Sant'Antonio	239	115	10	8	80
5019	Sementina	3144	1558	237	153	64.55696203
5048	Acquarossa	1856	929	120	86	71.66666667
5049	Blenio	1783	894	121	86	71.07438017
5050	Serravalle	2075	1008	165	121	73.33333333
5061	Airolo	1576	767	126	80	63.49206349
5063	Bedretto	108	48	7	4	57.14285714
5064	Bodio	1037	503	95	50	52.63157895
5071	Dalpe	198	100	19	14	73.68421053
5072	Faido	2908	1451	225	144	64
5073	Giornico	879	428	47	30	63.82978723
5076	Personico	344	167	25	14	56
5077	Pollegio	741	353	71	56	78.87323944
5078	Prato (Leventina)	423	202	30	21	70
5079	Quinto	1051	530	74	48	64.86486486
5081	Sobrio	78	40	1	1	100
5091	Ascona	5439	2887	337	239	70.91988131
5095	Brione (Verzasca)	182	96	11	11	100
5096	Brione sopra Minusio	495	251	26	22	84.61538462
5097	Brissago	1769	890	92	71	77.17391304
5102	Corippo	13	6	0	0	0
5105	Frasco	100	53	8	6	75
5108	Gordola	4511	2307	356	255	71.62921348
5109	Gresso	38	16	0	0	0
5112	Lavertezzo	1343	662	108	70	64.81481481
5113	Locarno	15968	8438	1445	1007	69.68858131
5115	Losone	6517	3291	489	350	71.57464213
5117	Mergoscia	218	105	14	13	92.85714286
5118	Minusio	7244	3915	481	369	76.71517672
5119	Mosogno	52	25	1	1	100
5120	Muralto	2727	1448	190	131	68.94736842
5121	Orselina	759	393	45	35	77.77777778
5125	Ronco sopra Ascona	624	302	31	25	80.64516129
5129	Sonogno	91	52	5	4	80
5131	Tenero-Contra	2875	1480	224	144	64.28571429
5132	Vergeletto	64	31	2	1	50
5135	Vogorno	279	136	28	18	64.28571429
5136	Onsernone	245	118	12	9	75
5137	Isorno	302	145	14	8	57.14285714
5138	Cugnasco-Gerra	2909	1473	199	147	73.86934673
5141	Agno	4467	2335	381	267	70.07874016
5143	Aranno	348	182	25	18	72
5144	Arogno	1004	505	70	54	77.14285714
5146	Astano	308	159	16	12	75
5148	Bedano	1544	794	115	79	68.69565217
5149	Bedigliora	635	309	40	29	72.5
5151	Bioggio	2632	1367	234	176	75.21367521
5154	Bissone	871	439	61	45	73.7704918
5160	Brusino Arsizio	485	242	27	24	88.88888889
5161	Cademario	759	386	53	35	66.03773585
5162	Cadempino	1529	766	131	94	71.75572519
5167	Canobbio	2137	1083	181	138	76.24309392
5171	Caslano	4339	2291	324	236	72.83950617
5176	Comano	2068	1097	157	123	78.34394904
5178	Croglio	877	449	46	36	78.26086957
5180	Cureglia	1354	666	102	75	73.52941176
5181	Curio	551	286	43	35	81.39534884
5186	Grancia	519	260	54	41	75.92592593
5187	Gravesano	1265	657	109	72	66.05504587
5189	Lamone	1770	891	154	101	65.58441558
5192	Lugano	63583	32966	5595	4109	73.44057194
5193	Magliaso	1494	779	91	64	70.32967033
5194	Manno	1300	649	92	63	68.47826087
5195	Maroggia	631	318	41	26	63.41463415
5196	Massagno	6209	3286	571	377	66.02451839
5197	Melano	1461	714	113	71	62.83185841
5198	Melide	1800	922	148	116	78.37837838
5199	Mezzovico-Vira	1358	675	98	65	66.32653061
5200	Miglieglia	311	158	12	9	75
5202	Monteggio	900	462	69	53	76.8115942
5203	Morcote	769	382	45	33	73.33333333
5205	Muzzano	821	439	59	41	69.49152542
5206	Neggio	327	168	27	25	92.59259259
5207	Novaggio	832	439	58	45	77.5862069
5208	Origlio	1440	752	92	75	81.52173913
5210	Paradiso	4054	2002	368	233	63.31521739
5212	Ponte Capriasca	1876	955	124	98	79.03225806
5213	Ponte Tresa	803	414	66	54	81.81818182
5214	Porza	1620	821	123	92	74.79674797
5216	Pura	1422	720	102	77	75.49019608
5219	Rovio	816	412	56	41	73.21428571
5221	Savosa	2240	1175	172	125	72.6744186
5222	Sessa	702	369	54	38	70.37037037
5225	Sorengo	1953	1115	335	303	90.44776119
5226	Capriasca	6524	3310	483	368	76.19047619
5227	Torricella-Taverne	3072	1562	245	171	69.79591837
5230	Vernate	581	298	39	29	74.35897436
5231	Vezia	2000	1041	157	123	78.34394904
5233	Vico Morcote	376	186	19	12	63.15789474
5236	Collina d'Oro	4671	2357	303	246	81.18811881
5237	Alto Malcantone	1421	728	85	69	81.17647059
5238	Monteceneri	4693	2206	412	268	65.04854369
5242	Balerna	3390	1731	252	180	71.42857143
5249	Castel San Pietro	2096	1058	158	117	74.05063291
5250	Chiasso	8174	4197	622	448	72.02572347
5251	Coldrerio	2859	1470	221	157	71.04072398
5254	Mendrisio	14938	7658	1208	933	77.23509934
5257	Morbio Inferiore	4633	2445	350	268	76.57142857
5260	Novazzano	2400	1234	165	125	75.75757576
5263	Riva San Vitale	2610	1311	194	150	77.31958763
5266	Stabio	4616	2323	349	248	71.06017192
5268	Vacallo	3419	1733	223	161	72.19730942
5269	Breggia	2048	1054	128	97	75.78125
5281	Biasca	6168	3013	482	276	57.26141079
5282	Claro	2826	1429	240	176	73.33333333
5283	Cresciano	699	331	67	35	52.23880597
5284	Iragna	567	282	45	32	71.11111111
5285	Lodrino	1770	862	115	74	64.34782609
5286	Osogna	1060	495	77	49	63.63636364
5304	Bosco/Gurin	52	19	3	2	66.66666667
5307	Campo (Vallemaggia)	57	23	4	3	75
5309	Cerentino	53	21	3	2	66.66666667
5310	Cevio	1185	606	81	63	77.77777778
5315	Linescio	49	22	3	2	66.66666667
5317	Maggia	2584	1310	198	144	72.72727273
5323	Lavizzara	540	258	37	32	86.48648649
5324	Avegno Gordevio	1464	737	103	71	68.93203883
5396	Terre di Pedemonte	2618	1382	183	141	77.04918033
5397	Centovalli	1170	587	71	53	74.64788732
5398	Gambarogno	5136	2601	381	260	68.24146982
5401	Aigle	9942	5048	1046	632	60.4206501
5402	Bex	7364	3726	699	419	59.94277539
5403	Chessel	399	191	38	28	73.68421053
5404	Corbeyrier	433	212	31	19	61.29032258
5405	Gryon	1267	602	77	56	72.72727273
5406	Lavey-Morcles	911	466	86	50	58.13953488
5407	Leysin	4224	2217	851	786	92.36192714
5408	Noville	1029	511	76	42	55.26315789
5409	Ollon	7426	3720	522	387	74.13793103
5410	Ormont-Dessous	1119	564	91	66	72.52747253
5411	Ormont-Dessus	1481	737	119	86	72.26890756
5412	Rennaz	839	416	79	44	55.69620253
5413	Roche (VD)	1529	809	177	100	56.49717514
5414	Villeneuve (VD)	5508	2823	568	328	57.74647887
5415	Yvorne	1027	539	100	63	63
5421	Apples	1367	712	89	60	67.41573034
5422	Aubonne	3240	1612	274	188	68.61313869
5423	Ballens	506	245	41	28	68.29268293
5424	Berolle	291	141	23	16	69.56521739
5425	Bière	1566	769	137	83	60.58394161
5426	Bougy-Villars	485	250	22	18	81.81818182
5427	Féchy	856	430	73	50	68.49315068
5428	Gimel	1913	976	158	94	59.49367089
5429	Longirod	464	230	28	16	57.14285714
5430	Marchissy	454	222	32	28	87.5
5431	Mollens (VD)	295	145	27	18	66.66666667
5432	Montherod	519	252	46	26	56.52173913
5434	Saint-George	956	482	67	44	65.67164179
5435	Saint-Livres	713	352	66	50	75.75757576
5436	Saint-Oyens	346	177	27	18	66.66666667
5437	Saubraz	393	206	40	28	70
5451	Avenches	4110	2041	426	260	61.03286385
5456	Cudrefin	1516	723	117	74	63.24786325
5458	Faoug	860	440	76	54	71.05263158
5464	Vully-les-Lacs	2828	1410	251	165	65.73705179
5471	Bettens	557	284	79	41	51.89873418
5472	Bournens	372	180	28	16	57.14285714
5473	Boussens	961	495	86	53	61.62790698
5474	La Chaux (Cossonay)	421	212	36	26	72.22222222
5475	Chavannes-le-Veyron	120	64	14	11	78.57142857
5476	Chevilly	287	156	25	18	72
5477	Cossonay	3647	1865	361	244	67.5900277
5478	Cottens (VD)	473	240	48	40	83.33333333
5479	Cuarnens	438	209	47	31	65.95744681
5480	Daillens	940	479	64	48	75
5481	Dizy	222	108	17	10	58.82352941
5482	Eclépens	1037	488	105	69	65.71428571
5483	Ferreyres	314	144	20	11	55
5484	Gollion	866	426	98	61	62.24489796
5485	Grancy	396	199	32	28	87.5
5486	L'Isle	1032	514	81	58	71.60493827
5487	Lussery-Villars	421	205	45	29	64.44444444
5488	Mauraz	49	29	3	3	100
5489	Mex (VD)	677	353	77	53	68.83116883
5490	Moiry	290	152	27	23	85.18518519
5491	Mont-la-Ville	383	186	21	9	42.85714286
5492	Montricher	958	491	92	58	63.04347826
5493	Orny	375	190	29	19	65.51724138
5494	Pampigny	1126	549	78	58	74.35897436
5495	Penthalaz	3244	1684	361	202	55.95567867
5496	Penthaz	1652	834	136	86	63.23529412
5497	Pompaples	838	436	78	48	61.53846154
5498	La Sarraz	2564	1309	262	178	67.9389313
5499	Senarclens	450	227	33	23	69.6969697
5500	Sévery	231	116	14	12	85.71428571
5501	Sullens	924	462	76	55	72.36842105
5503	Vufflens-la-Ville	1216	603	78	53	67.94871795
5511	Assens	1031	529	87	60	68.96551724
5512	Bercher	1148	568	73	48	65.75342466
5513	Bioley-Orjulaz	470	231	43	26	60.46511628
5514	Bottens	1223	598	128	83	64.84375
5515	Bretigny-sur-Morrens	797	397	68	45	66.17647059
5516	Cugy (VD)	2750	1404	229	146	63.75545852
5518	Echallens	5626	2863	531	344	64.7834275
5520	Essertines-sur-Yverdon	946	471	86	51	59.30232558
5521	Etagnières	1145	556	98	62	63.26530612
5522	Fey	636	310	53	31	58.49056604
5523	Froideville	2429	1183	213	142	66.66666667
5527	Morrens (VD)	1054	544	83	63	75.90361446
5529	Oulens-sous-Echallens	531	265	47	32	68.08510638
5530	Pailly	535	263	44	25	56.81818182
5531	Penthéréaz	389	200	39	25	64.1025641
5533	Poliez-Pittet	815	419	84	55	65.47619048
5534	Rueyres	265	127	24	13	54.16666667
5535	Saint-Barthélemy (VD)	784	364	72	50	69.44444444
5537	Villars-le-Terroir	1034	499	103	64	62.13592233
5539	Vuarrens	935	460	75	45	60
5540	Montilliez	1656	828	136	97	71.32352941
5541	Goumoëns	1054	509	83	50	60.24096386
5551	Bonvillars	503	259	37	30	81.08108108
5552	Bullet	606	312	48	32	66.66666667
5553	Champagne	1048	524	95	53	55.78947368
5554	Concise	957	482	80	55	68.75
5555	Corcelles-près-Concise	338	181	32	22	68.75
5556	Fiez	420	217	32	22	68.75
5557	Fontaines-sur-Grandson	191	100	18	14	77.77777778
5559	Giez	388	192	22	19	86.36363636
5560	Grandevent	232	121	14	9	64.28571429
5561	Grandson	3306	1677	319	204	63.94984326
5562	Mauborget	119	50	4	2	50
5563	Mutrux	154	76	13	8	61.53846154
5564	Novalles	102	51	7	3	42.85714286
5565	Onnens (VD)	495	249	38	27	71.05263158
5566	Provence	384	185	31	24	77.41935484
5568	Sainte-Croix	4785	2380	368	233	63.31521739
5571	Tévenon	808	416	60	38	63.33333333
5581	Belmont-sur-Lausanne	3604	1772	272	193	70.95588235
5582	Cheseaux-sur-Lausanne	4318	2164	450	304	67.55555556
5583	Crissier	7730	3822	811	556	68.55733662
5584	Epalinges	9202	4786	941	703	74.7077577
5585	Jouxtens-Mézery	1414	700	104	87	83.65384615
5586	Lausanne	135629	70394	17965	13157	73.23684943
5587	Le Mont-sur-Lausanne	7282	3689	733	498	67.93997271
5588	Paudex	1492	771	143	107	74.82517483
5589	Prilly	11968	6208	1305	828	63.44827586
5590	Pully	17807	9449	1496	1081	72.25935829
5591	Renens (VD)	20537	10199	2364	1435	60.70219966
5592	Romanel-sur-Lausanne	3357	1697	321	216	67.28971963
5601	Chexbres	2216	1176	177	125	70.62146893
5604	Forel (Lavaux)	2091	1056	191	131	68.58638743
5606	Lutry	9747	5074	721	575	79.75034674
5607	Puidoux	2854	1409	278	169	60.79136691
5609	Rivaz	363	177	31	23	74.19354839
5610	Saint-Saphorin (Lavaux)	384	180	28	20	71.42857143
5611	Savigny	3342	1688	251	187	74.50199203
5613	Bourg-en-Lavaux	5239	2658	411	312	75.91240876
5621	Aclens	525	247	46	28	60.86956522
5622	Bremblens	512	259	32	19	59.375
5623	Buchillon	625	319	48	39	81.25
5624	Bussigny	8214	4085	865	563	65.0867052
5625	Bussy-Chardonney	377	199	31	23	74.19354839
5627	Chavannes-près-Renens	7386	3682	1001	579	57.84215784
5628	Chigny	333	170	23	20	86.95652174
5629	Clarmont	159	84	19	14	73.68421053
5631	Denens	709	359	50	39	78
5632	Denges	1653	826	149	103	69.12751678
5633	Echandens	2662	1332	294	236	80.27210884
5634	Echichens	2593	1336	197	136	69.03553299
5635	Ecublens (VD)	12284	6026	1454	960	66.02475928
5636	Etoy	2939	1475	246	179	72.76422764
5637	Lavigny	995	498	81	52	64.19753086
5638	Lonay	2536	1320	192	133	69.27083333
5639	Lully (VD)	761	368	55	40	72.72727273
5640	Lussy-sur-Morges	646	329	35	28	80
5642	Morges	15676	8204	1685	1119	66.40949555
5643	Préverenges	5260	2633	486	330	67.90123457
5644	Reverolle	361	176	38	29	76.31578947
5645	Romanel-sur-Morges	458	227	29	24	82.75862069
5646	Saint-Prex	5603	2864	476	309	64.91596639
5648	Saint-Sulpice (VD)	3904	1852	355	250	70.42253521
5649	Tolochenaz	1859	941	180	126	70
5650	Vaux-sur-Morges	203	101	16	12	75
5651	Villars-Sainte-Croix	710	366	47	34	72.34042553
5652	Villars-sous-Yens	566	286	51	40	78.43137255
5653	Vufflens-le-Château	821	413	56	48	85.71428571
5654	Vullierens	457	223	44	30	68.18181818
5655	Yens	1404	699	110	84	76.36363636
5661	Boulens	325	160	26	22	84.61538462
5662	Brenles	144	76	15	13	86.66666667
5663	Bussy-sur-Moudon	198	100	13	10	76.92307692
5665	Chavannes-sur-Moudon	224	121	22	13	59.09090909
5666	Chesalles-sur-Moudon	169	88	22	16	72.72727273
5668	Cremin	58	30	5	4	80
5669	Curtilles	311	158	30	17	56.66666667
5671	Dompierre (VD)	247	125	19	14	73.68421053
5672	Forel-sur-Lucens	152	78	14	11	78.57142857
5673	Hermenches	381	188	22	16	72.72727273
5674	Lovatens	150	76	11	9	81.81818182
5675	Lucens	3334	1681	376	230	61.17021277
5678	Moudon	5925	2994	712	414	58.14606742
5680	Ogens	283	145	29	16	55.17241379
5683	Prévonloup	172	87	13	12	92.30769231
5684	Rossenges	65	33	5	1	20
5686	Sarzens	80	38	3	1	33.33333333
5688	Syens	139	62	12	8	66.66666667
5690	Villars-le-Comte	150	75	7	6	85.71428571
5692	Vucherens	543	271	47	32	68.08510638
5693	Montanaire	2416	1194	208	143	68.75
5701	Arnex-sur-Nyon	219	108	12	10	83.33333333
5702	Arzier-Le Muids	2571	1299	179	133	74.30167598
5703	Bassins	1323	657	96	72	75
5704	Begnins	1824	954	122	82	67.21311475
5705	Bogis-Bossey	905	460	58	49	84.48275862
5706	Borex	1075	542	85	56	65.88235294
5707	Chavannes-de-Bogis	1318	675	114	74	64.9122807
5708	Chavannes-des-Bois	885	454	59	32	54.23728814
5709	Chéserex	1195	604	82	64	78.04878049
5710	Coinsins	435	225	39	30	76.92307692
5711	Commugny	2863	1449	178	150	84.26966292
5712	Coppet	3137	1570	207	145	70.04830918
5713	Crans-près-Céligny	2172	1096	124	94	75.80645161
5714	Crassier	1187	589	84	59	70.23809524
5715	Duillier	1034	523	79	57	72.15189873
5716	Eysins	1506	758	123	83	67.4796748
5717	Founex	3632	1823	258	193	74.80620155
5718	Genolier	1929	982	138	98	71.01449275
5719	Gingins	1223	623	80	59	73.75
5720	Givrins	983	472	65	50	76.92307692
5721	Gland	12727	6486	1350	850	62.96296296
5722	Grens	387	198	29	23	79.31034483
5723	Mies	1981	989	118	82	69.49152542
5724	Nyon	20088	10300	2149	1379	64.16938111
5725	Prangins	4029	2094	313	240	76.67731629
5726	La Rippe	1142	585	78	54	69.23076923
5727	Saint-Cergue	2443	1144	193	109	56.47668394
5728	Signy-Avenex	506	260	30	22	73.33333333
5729	Tannay	1596	808	100	79	79
5730	Trélex	1425	727	90	74	82.22222222
5731	Le Vaud	1244	614	86	62	72.09302326
5732	Vich	896	442	84	61	72.61904762
5741	L'Abergement	251	123	11	8	72.72727273
5742	Agiez	310	165	36	25	69.44444444
5743	Arnex-sur-Orbe	621	309	59	36	61.01694915
5744	Ballaigues	1071	550	92	55	59.7826087
5745	Baulmes	1033	514	93	61	65.59139785
5746	Bavois	941	465	104	59	56.73076923
5747	Bofflens	187	90	16	12	75
5748	Bretonnières	253	134	19	14	73.68421053
5749	Chavornay	4162	2043	483	316	65.42443064
5750	Les Clées	186	94	12	10	83.33333333
5751	Corcelles-sur-Chavornay	353	176	25	16	64
5752	Croy	335	182	27	21	77.77777778
5754	Juriens	301	160	30	24	80
5755	Lignerolle	390	181	36	21	58.33333333
5756	Montcherand	474	242	39	26	66.66666667
5757	Orbe	6852	3483	737	456	61.8724559
5758	La Praz	160	78	16	10	62.5
5759	Premier	185	87	11	9	81.81818182
5760	Rances	460	222	34	19	55.88235294
5761	Romainmôtier-Envy	529	268	42	34	80.95238095
5762	Sergey	144	67	10	7	70
5763	Valeyres-sous-Rances	601	297	64	38	59.375
5764	Vallorbe	3654	1806	330	191	57.87878788
5765	Vaulion	489	250	47	26	55.31914894
5766	Vuiteboeuf	545	266	56	34	60.71428571
5782	Carrouge (VD)	1208	607	122	79	64.75409836
5785	Corcelles-le-Jorat	423	217	32	24	75
5788	Essertes	330	167	23	16	69.56521739
5789	Ferlens (VD)	335	175	32	27	84.375
5790	Maracon	444	231	35	20	57.14285714
5791	Mézières (VD)	1216	638	107	73	68.22429907
5792	Montpreveyres	626	304	60	40	66.66666667
5798	Ropraz	407	196	37	24	64.86486486
5799	Servion	1906	961	170	123	72.35294118
5803	Vulliens	461	229	42	31	73.80952381
5804	Jorat-Menthue	1522	743	147	94	63.94557823
5805	Oron	5309	2728	527	322	61.10056926
5812	Champtauroz	133	63	7	5	71.42857143
5813	Chevroux	435	216	27	16	59.25925926
5816	Corcelles-près-Payerne	2233	1140	231	149	64.5021645
5817	Grandcour	851	419	76	48	63.15789474
5819	Henniez	339	163	33	22	66.66666667
5821	Missy	349	174	36	23	63.88888889
5822	Payerne	9460	4804	951	561	58.99053628
5827	Trey	256	130	21	17	80.95238095
5828	Treytorrens (Payerne)	123	60	6	4	66.66666667
5830	Villarzel	416	210	28	17	60.71428571
5831	Valbroye	2961	1464	291	181	62.19931271
5841	Château-d'Oex	3406	1750	266	163	61.27819549
5842	Rossinière	568	289	47	35	74.46808511
5843	Rougemont	887	451	67	38	56.71641791
5851	Allaman	395	182	32	25	78.125
5852	Bursinel	475	245	45	28	62.22222222
5853	Bursins	779	391	57	34	59.64912281
5854	Burtigny	350	173	29	17	58.62068966
5855	Dully	641	335	57	41	71.92982456
5856	Essertines-sur-Rolle	696	351	62	36	58.06451613
5857	Gilly	1134	580	92	57	61.95652174
5858	Luins	632	312	59	41	69.49152542
5859	Mont-sur-Rolle	2618	1337	187	117	62.56684492
5860	Perroy	1465	740	105	66	62.85714286
5861	Rolle	6109	3136	503	303	60.23856859
5862	Tartegnin	230	123	20	13	65
5863	Vinzel	349	176	25	21	84
5871	L'Abbaye	1433	728	135	82	60.74074074
5872	Le Chenit	4644	2319	410	264	64.3902439
5873	Le Lieu	857	415	60	37	61.66666667
5881	Blonay	6130	3123	401	300	74.81296758
5882	Chardonne	2875	1494	197	149	75.63451777
5883	Corseaux	2172	1141	143	102	71.32867133
5884	Corsier-sur-Vevey	3443	1795	319	208	65.20376176
5885	Jongny	1494	742	88	59	67.04545455
5886	Montreux	26433	13947	3012	2243	74.4687915
5888	Saint-Légier-La Chiésaz	5075	2601	330	250	75.75757576
5889	La Tour-de-Peilz	11421	6087	999	719	71.97197197
5890	Vevey	19453	10020	2331	1553	66.62376662
5891	Veytaux	865	446	82	59	71.95121951
5902	Belmont-sur-Yverdon	369	175	29	18	62.06896552
5903	Bioley-Magnoux	201	97	20	9	45
5904	Chamblon	568	265	52	40	76.92307692
5905	Champvent	616	305	52	25	48.07692308
5907	Chavannes-le-Chêne	278	141	26	17	65.38461538
5908	Chêne-Pâquier	124	63	10	8	80
5909	Cheseaux-Noréaz	664	315	43	35	81.39534884
5910	Cronay	364	179	38	26	68.42105263
5911	Cuarny	215	103	24	12	50
5912	Démoret	123	59	17	15	88.23529412
5913	Donneloye	766	382	66	35	53.03030303
5914	Ependes (VD)	346	175	43	29	67.44186047
5915	Essert-Pittet	164	74	11	7	63.63636364
5919	Mathod	582	280	53	32	60.37735849
5921	Molondin	223	116	21	15	71.42857143
5922	Montagny-près-Yverdon	713	350	65	43	66.15384615
5923	Oppens	182	78	11	6	54.54545455
5924	Orges	275	134	22	15	68.18181818
5925	Orzens	212	111	18	13	72.22222222
5926	Pomy	731	359	61	36	59.01639344
5928	Rovray	176	92	19	11	57.89473684
5929	Suchy	542	261	58	34	58.62068966
5930	Suscévaz	198	99	18	15	83.33333333
5931	Treycovagnes	463	243	46	38	82.60869565
5932	Ursins	206	105	18	9	50
5933	Valeyres-sous-Montagny	661	329	43	31	72.09302326
5934	Valeyres-sous-Ursins	245	120	25	15	60
5935	Villars-Epeney	90	42	11	9	81.81818182
5937	Vugelles-La Mothe	136	72	8	6	75
5938	Yverdon-les-Bains	29700	15268	3268	1981	60.61811506
5939	Yvonand	3156	1618	314	217	69.10828025
6002	Brig-Glis	13088	6833	1462	1079	73.80300958
6004	Eggerberg	345	178	32	23	71.875
6007	Naters	9808	4978	1008	655	64.98015873
6008	Ried-Brig	2041	1004	212	151	71.22641509
6009	Simplon	319	169	35	30	85.71428571
6010	Termen	895	458	82	60	73.17073171
6011	Zwischbergen	84	33	5	4	80
6021	Ardon	3050	1518	283	159	56.18374558
6022	Chamoson	3587	1803	311	174	55.94855305
6023	Conthey	8485	4306	797	485	60.8531995
6024	Nendaz	6302	3087	574	373	64.9825784
6025	Vétroz	5888	2984	602	373	61.96013289
6031	Bagnes	8057	3946	736	522	70.92391304
6032	Bourg-Saint-Pierre	183	84	11	9	81.81818182
6033	Liddes	750	358	65	43	66.15384615
6034	Orsières	3179	1564	272	145	53.30882353
6035	Sembrancher	984	488	88	62	70.45454545
6036	Vollèges	1891	944	169	105	62.13017751
6052	Bellwald	411	194	33	26	78.78787879
6054	Binn	145	71	4	3	75
6055	Blitzingen	74	35	4	1	25
6056	Ernen	511	258	47	35	74.46808511
6057	Fiesch	927	436	88	61	69.31818182
6058	Fieschertal	319	156	30	20	66.66666667
6061	Lax	286	139	20	15	75
6064	Niederwald	47	23	1	1	100
6073	Grafschaft	195	98	13	11	84.61538462
6074	Münster-Geschinen	451	231	37	25	67.56756757
6075	Reckingen-Gluringen	436	227	38	29	76.31578947
6076	Obergoms	650	306	43	31	72.09302326
6081	Les Agettes	347	184	34	22	64.70588235
6082	Ayent	3922	1967	316	209	66.13924051
6083	Evolène	1689	832	138	97	70.28985507
6084	Hérémence	1362	701	98	69	70.40816327
6087	Saint-Martin (VS)	875	443	55	35	63.63636364
6089	Vex	1801	894	154	92	59.74025974
6090	Mont-Noble	1033	546	70	46	65.71428571
6101	Agarn	780	371	68	54	79.41176471
6102	Albinen	243	128	17	15	88.23529412
6104	Ergisch	189	89	13	12	92.30769231
6109	Inden	120	56	6	4	66.66666667
6110	Leuk	3915	1964	391	267	68.28644501
6111	Leukerbad	1475	725	122	80	65.57377049
6112	Oberems	125	66	8	6	75
6113	Salgesch	1465	719	110	65	59.09090909
6116	Varen	615	299	40	28	70
6117	Guttet-Feschel	415	212	28	22	78.57142857
6118	Gampel-Bratsch	1909	939	163	109	66.87116564
6119	Turtmann-Unterems	1117	585	130	91	70
6131	Bovernier	850	438	101	67	66.33663366
6132	Charrat	1666	827	180	111	61.66666667
6133	Fully	8524	4296	822	526	63.99026764
6134	Isérables	854	439	72	48	66.66666667
6135	Leytron	3084	1578	273	183	67.03296703
6136	Martigny	17651	9053	1973	1302	65.99087684
6137	Martigny-Combe	2317	1151	207	143	69.0821256
6139	Riddes	2985	1461	261	152	58.23754789
6140	Saillon	2482	1251	227	141	62.11453744
6141	Saxon	5534	2762	586	342	58.36177474
6142	Trient	193	78	14	11	78.57142857
6151	Champéry	1340	642	113	82	72.56637168
6152	Collombey-Muraz	8638	4315	877	516	58.83694413
6153	Monthey	17512	8891	1836	1187	64.65141612
6154	Port-Valais	3899	1988	477	370	77.56813417
6155	Saint-Gingolph	912	464	58	42	72.4137931
6156	Troistorrents	4505	2249	373	240	64.34316354
6157	Val-d'Illiez	1875	917	165	117	70.90909091
6158	Vionnaz	2530	1228	189	126	66.66666667
6159	Vouvry	3968	1986	348	204	58.62068966
6172	Bister	31	16	2	2	100
6173	Bitsch	894	452	100	75	75
6177	Grengiols	431	222	36	30	83.33333333
6181	Riederalp	498	255	28	19	67.85714286
6191	Ausserberg	628	318	40	31	77.5
6192	Blatten	288	146	22	16	72.72727273
6193	Bürchen	738	369	59	40	67.79661017
6194	Eischoll	453	226	36	31	86.11111111
6195	Ferden	244	110	21	16	76.19047619
6197	Kippel	353	180	30	22	73.33333333
6198	Niedergesteln	683	335	44	31	70.45454545
6199	Raron	1905	936	158	99	62.65822785
6201	Unterbäch	411	205	35	18	51.42857143
6202	Wiler (Lötschen)	576	298	37	25	67.56756757
6203	Mörel-Filet	686	351	69	48	69.56521739
6204	Steg-Hohtenn	1573	786	133	86	64.66165414
6205	Bettmeralp	452	229	41	28	68.29268293
6211	Collonges	723	359	65	32	49.23076923
6212	Dorénaz	870	429	85	51	60
6213	Evionnaz	1242	590	115	71	61.73913043
6214	Finhaut	445	165	21	16	76.19047619
6215	Massongex	1787	921	203	121	59.60591133
6217	Saint-Maurice	4494	2273	453	307	67.77041943
6218	Salvan	1339	687	141	92	65.24822695
6219	Vernayaz	1886	937	180	121	67.22222222
6220	Vérossaz	712	353	68	38	55.88235294
6232	Chalais	3410	1705	295	194	65.76271186
6234	Chermignon	3117	1542	226	161	71.23893805
6235	Chippis	1632	803	154	85	55.19480519
6238	Grône	2311	1170	198	136	68.68686869
6239	Icogne	561	279	50	36	72
6240	Lens	3986	1982	309	215	69.57928803
6241	Miège	1349	701	111	73	65.76576577
6242	Mollens (VS)	972	481	72	51	70.83333333
6243	Montana	2363	1223	186	142	76.34408602
6244	Randogne	4479	2276	808	742	91.83168317
6246	Saint-Léonard	2269	1162	202	129	63.86138614
6248	Sierre	16711	8565	1690	1063	62.89940828
6249	Venthône	1213	612	84	63	75
6250	Veyras	1817	906	156	110	70.51282051
6252	Anniviers	2716	1314	213	137	64.31924883
6261	Arbaz	1195	595	94	76	80.85106383
6263	Grimisuat	3218	1626	259	172	66.40926641
6265	Savièse	7381	3748	655	431	65.80152672
6266	Sion	33532	17328	3550	2386	67.21126761
6267	Veysonnaz	606	302	50	29	58
6281	Baltschieder	1300	648	118	71	60.16949153
6282	Eisten	201	107	14	10	71.42857143
6283	Embd	302	148	13	13	100
6285	Grächen	1351	678	111	77	69.36936937
6286	Lalden	668	329	72	50	69.44444444
6287	Randa	446	226	48	31	64.58333333
6288	Saas-Almagell	391	202	40	30	75
6289	Saas-Balen	369	202	34	26	76.47058824
6290	Saas-Fee	1621	784	160	120	75
6291	Saas-Grund	1043	528	84	56	66.66666667
6292	St. Niklaus	2290	1150	188	121	64.36170213
6293	Stalden (VS)	1098	562	118	79	66.94915254
6294	Staldenried	550	271	51	41	80.39215686
6295	Täsch	1222	591	125	68	54.4
6296	Törbel	468	232	42	32	76.19047619
6297	Visp	7665	3826	831	522	62.81588448
6298	Visperterminen	1380	710	98	75	76.53061224
6299	Zeneggen	288	136	20	17	85
6300	Zermatt	5759	2829	731	557	76.19699042
6402	Bevaix	3817	1925	244	169	69.26229508
6404	Boudry	5720	2938	610	412	67.54098361
6405	Brot-Dessous	103	50	3	2	66.66666667
6407	Corcelles-Cormondrèche	4719	2409	368	263	71.4673913
6408	Cortaillod	4802	2447	429	294	68.53146853
6409	Fresens	222	113	19	9	47.36842105
6410	Gorgier	2004	1017	150	106	70.66666667
6411	Montalchez	243	122	14	8	57.14285714
6412	Peseux	5919	3066	551	360	65.33575318
6413	Rochefort	1121	556	96	69	71.875
6414	Saint-Aubin-Sauges	2510	1302	201	140	69.65174129
6415	Vaumarcus	276	133	15	6	40
6416	Milvignes	9069	4654	779	538	69.06290116
6421	La Chaux-de-Fonds	38957	20098	3975	2573	64.72955975
6422	Les Planchettes	223	117	13	12	92.30769231
6423	La Sagne	963	494	56	35	62.5
6431	Les Brenets	1045	527	80	57	71.25
6432	La Brévine	642	312	43	22	51.1627907
6433	Brot-Plamboz	270	129	20	8	40
6434	Le Cerneux-Péquignot	325	157	27	18	66.66666667
6435	La Chaux-du-Milieu	501	237	38	23	60.52631579
6436	Le Locle	10444	5264	963	582	60.43613707
6437	Les Ponts-de-Martel	1279	648	131	79	60.30534351
6451	Cornaux	1592	792	147	96	65.30612245
6452	Cressier (NE)	1904	953	163	106	65.03067485
6453	Enges	279	134	20	14	70
6454	Hauterive (NE)	2628	1393	265	186	70.18867925
6455	Le Landeron	4501	2285	379	252	66.49076517
6456	Lignières	949	465	66	41	62.12121212
6458	Neuchâtel	33712	17431	4200	3089	73.54761905
6459	Saint-Blaise	3284	1648	248	180	72.58064516
6461	La Tène	4929	2524	356	232	65.16853933
6485	Valangin	496	242	49	38	77.55102041
6487	Val-de-Ruz	16586	8330	1378	889	64.5137881
6504	La Côte-aux-Fées	469	233	37	16	43.24324324
6511	Les Verrières	699	348	50	24	48
6512	Val-de-Travers	10905	5593	930	592	63.65591398
6601	Aire-la-Ville	1160	578	90	62	68.88888889
6602	Anières	2426	1247	190	148	77.89473684
6603	Avully	1771	888	170	118	69.41176471
6604	Avusy	1426	723	97	76	78.35051546
6605	Bardonnex	2260	1165	188	133	70.74468085
6606	Bellevue	3260	1665	317	230	72.55520505
6607	Bernex	9932	5049	828	618	74.63768116
6608	Carouge (GE)	21342	11076	2493	1765	70.79823506
6609	Cartigny	865	428	57	42	73.68421053
6610	Céligny	679	353	43	35	81.39534884
6611	Chancy	1598	787	138	91	65.94202899
6612	Chêne-Bougeries	11222	5936	969	707	72.96181631
6613	Chêne-Bourg	8472	4469	851	556	65.33490012
6614	Choulex	1139	592	90	76	84.44444444
6615	Collex-Bossy	1665	848	130	99	76.15384615
6616	Collonge-Bellerive	7998	4206	570	437	76.66666667
6617	Cologny	5500	2911	512	369	72.0703125
6618	Confignon	4520	2310	325	248	76.30769231
6619	Corsier (GE)	2017	1019	178	139	78.08988764
6620	Dardagny	1532	781	138	108	78.26086957
6621	Genève	198072	102926	24146	17386	72.0036445
6622	Genthod	2747	1415	221	177	80.09049774
6623	Le Grand-Saconnex	12107	6293	1104	725	65.67028986
6624	Gy	508	277	50	39	78
6625	Hermance	1016	521	64	42	65.625
6626	Jussy	1271	642	100	74	74
6627	Laconnex	661	338	56	47	83.92857143
6628	Lancy	31359	16206	3085	1968	63.79254457
6629	Meinier	2140	1108	162	112	69.13580247
6630	Meyrin	22152	11073	2136	1300	60.86142322
6631	Onex	18635	9712	1803	1152	63.89351082
6632	Perly-Certoux	3039	1595	267	177	66.29213483
6633	Plan-les-Ouates	10344	5302	819	583	71.18437118
6634	Pregny-Chambésy	3693	1896	284	197	69.36619718
6635	Presinge	692	342	58	41	70.68965517
6636	Puplinge	2122	1117	188	140	74.46808511
6637	Russin	540	253	37	30	81.08108108
6638	Satigny	4107	2039	316	192	60.75949367
6639	Soral	752	381	48	34	70.83333333
6640	Thônex	13955	7260	1259	866	68.7847498
6641	Troinex	2336	1168	175	130	74.28571429
6642	Vandoeuvres	2513	1264	202	162	80.1980198
6643	Vernier	34655	17491	3625	2321	64.02758621
6644	Versoix	13263	6871	1217	771	63.35250616
6645	Veyrier	11273	5788	912	695	76.20614035
6702	Boécourt	898	451	76	50	65.78947368
6703	Bourrignon	266	136	30	18	60
6704	Châtillon (JU)	475	233	43	29	67.44186047
6705	Corban	465	224	32	18	56.25
6706	Courchapoix	427	203	31	15	48.38709677
6708	Courrendlin	2783	1411	273	168	61.53846154
6709	Courroux	3229	1637	285	191	67.01754386
6710	Courtételle	2569	1294	262	169	64.50381679
6711	Delémont	12593	6450	1197	800	66.83375104
6712	Develier	1401	707	125	74	59.2
6713	Ederswiler	113	56	8	7	87.5
6715	Mervelier	508	265	45	32	71.11111111
6716	Mettembert	107	54	12	9	75
6718	Movelier	391	196	26	19	73.07692308
6719	Pleigne	359	185	27	17	62.96296296
6720	Rebeuvelier	396	188	29	22	75.86206897
6721	Rossemaison	600	285	44	33	75
6722	Saulcy	262	136	27	20	74.07407407
6724	Soyhières	487	248	50	43	86
6728	Vellerat	71	38	6	4	66.66666667
6729	Haute-Sorne	6886	3474	625	421	67.36
6730	Val Terbi	2626	1314	195	130	66.66666667
6741	Le Bémont (JU)	316	160	26	21	80.76923077
6742	Les Bois	1195	587	93	52	55.91397849
6743	Les Breuleux	1520	772	161	100	62.11180124
6744	La Chaux-des-Breuleux	97	46	10	8	80
6745	Les Enfers	148	73	16	13	81.25
6748	Les Genevez (JU)	513	256	33	20	60.60606061
6750	Lajoux (JU)	660	334	58	43	74.13793103
6751	Montfaucon	610	289	52	36	69.23076923
6753	Muriaux	504	242	45	31	68.88888889
6754	Le Noirmont	1845	974	190	128	67.36842105
6757	Saignelégier	2537	1266	224	162	72.32142857
6758	Saint-Brais	235	117	18	14	77.77777778
6759	Soubey	132	58	2	2	100
6771	Alle	1765	887	131	87	66.41221374
6773	Beurnevésin	126	64	6	5	83.33333333
6774	Boncourt	1223	631	86	56	65.11627907
6775	Bonfol	669	351	41	30	73.17073171
6778	Bure	690	347	53	34	64.1509434
6781	Coeuve	715	362	59	40	67.79661017
6782	Cornol	1029	508	120	74	61.66666667
6783	Courchavon	300	152	26	17	65.38461538
6784	Courgenay	2262	1143	185	110	59.45945946
6785	Courtedoux	772	415	62	37	59.67741935
6787	Damphreux	181	90	10	7	70
6789	Fahy	355	181	19	13	68.42105263
6790	Fontenais	1671	832	124	84	67.74193548
6792	Grandfontaine	392	208	25	14	56
6793	Lugnez	184	89	18	9	50
6800	Porrentruy	6829	3491	613	441	71.94127243
6803	Rocourt	156	78	6	4	66.66666667
6806	Vendlincourt	560	276	45	30	66.66666667
6807	Basse-Allaine	1243	637	87	61	70.11494253
6808	Clos du Doubs	1306	655	102	66	64.70588235
6809	Haute-Ajoie	946	466	63	45	71.42857143
6810	La Baroche	1184	595	76	52	68.42105263
